State,District,Market,Commodity,Variety,Grade,Arrival_Date,Min_Price,Max_Price,Modal_Price,Commodity_Code
Chattisgarh,Bastar,Jagdalpur,Mahua Seed(Hippe seed),Mahua Seed,FAQ,2006-05-24,925,975,950.0,371
Chattisgarh,Bastar,Jagdalpur,Mahua Seed(Hippe seed),Mahua Seed,FAQ,2006-06-20,675,700,688.0,371
Chattisgarh,Bastar,Jagdalpur,Mahua Seed(Hippe seed),Mahua Seed,FAQ,2006-07-13,800,1000,900.0,371
Chattisgarh,Bastar,Jagdalpur,Mahua Seed(Hippe seed),Mahua Seed,FAQ,2006-07-14,1180,1190,1185.0,371
Chattisgarh,Bastar,Jagdalpur,Mahua Seed(Hippe seed),Mahua Seed,FAQ,2006-07-31,1141,1256,1198.0,371
Chattisgarh,Dantewada,Gidam,Mahua Seed(Hippe seed),Mahua Seed,FAQ,2006-09-09,700,900,800.0,371
Chattisgarh,Dantewada,Gidam,Mahua Seed(Hippe seed),Other,FAQ,2006-08-28,670,700,680.0,371
Chattisgarh,Koria,Manendragarh,Mahua Seed(Hippe seed),Other,FAQ,2006-07-20,1000,1000,1000.0,371
Chattisgarh,Koria,Manendragarh,Mahua Seed(Hippe seed),Other,FAQ,2006-09-20,1000,1000,1000.0,371
Chattisgarh,Narayanpur,Narayanpur,Mahua Seed(Hippe seed),Mahua Seed,FAQ,2006-07-31,900,1000,900.0,371
Chattisgarh,Narayanpur,Narayanpur,Mahua Seed(Hippe seed),Mahua Seed,FAQ,2006-08-27,800,1000,900.0,371
Chattisgarh,Narayanpur,Narayanpur,Mahua Seed(Hippe seed),Mahua Seed,FAQ,2006-08-28,900,1000,900.0,371
Chattisgarh,Narayanpur,Narayanpur,Mahua Seed(Hippe seed),Mahua Seed,FAQ,2006-09-02,800,1000,900.0,371
Chattisgarh,Raipur,Raipur,Mahua Seed(Hippe seed),Other,FAQ,2006-06-15,500,700,600.0,371
Chattisgarh,Sukma,Konta,Mahua Seed(Hippe seed),Mahua Seed,FAQ,2006-07-11,650,750,700.0,371
Chattisgarh,Sukma,Konta,Mahua Seed(Hippe seed),Mahua Seed,FAQ,2006-07-15,575,625,600.0,371
Chattisgarh,Sukma,Konta,Mahua Seed(Hippe seed),Mahua Seed,FAQ,2006-08-11,500,700,600.0,371
Chattisgarh,Sukma,Konta,Mahua Seed(Hippe seed),Mahua Seed,FAQ,2006-08-18,500,700,600.0,371
Chattisgarh,Sukma,Konta,Mahua Seed(Hippe seed),Mahua Seed,FAQ,2006-08-19,500,700,600.0,371
Chattisgarh,Sukma,Konta,Mahua Seed(Hippe seed),Mahua Seed,FAQ,2006-08-24,500,700,600.0,371
Chattisgarh,Sukma,Konta,Mahua Seed(Hippe seed),Mahua Seed,FAQ,2006-10-17,690,710,700.0,371
Chattisgarh,Sukma,Konta,Mahua Seed(Hippe seed),Other,FAQ,2006-06-03,500,700,600.0,371
Chattisgarh,Sukma,Konta,Mahua Seed(Hippe seed),Other,FAQ,2006-06-09,500,700,600.0,371
Chattisgarh,Sukma,Konta,Mahua Seed(Hippe seed),Other,FAQ,2006-06-14,500,700,600.0,371
Chattisgarh,Sukma,Konta,Mahua Seed(Hippe seed),Other,FAQ,2006-06-27,500,700,600.0,371
Chattisgarh,Sukma,Konta,Mahua Seed(Hippe seed),Other,FAQ,2006-07-17,500,700,600.0,371
Chattisgarh,Sukma,Konta,Mahua Seed(Hippe seed),Other,FAQ,2006-07-20,500,700,600.0,371
Chattisgarh,Sukma,Konta,Mahua Seed(Hippe seed),Other,FAQ,2006-07-21,500,700,600.0,371
Chattisgarh,Sukma,Konta,Mahua Seed(Hippe seed),Other,FAQ,2006-10-17,690,710,700.0,371
Madhya Pradesh,Shehdol,Shahdol,Mahua Seed(Hippe seed),Other,FAQ,2006-07-10,1000,1000,1000.0,371
Madhya Pradesh,Shehdol,Shahdol,Mahua Seed(Hippe seed),Other,FAQ,2006-07-17,1175,1175,1175.0,371
Madhya Pradesh,Shehdol,Shahdol,Mahua Seed(Hippe seed),Other,FAQ,2006-07-20,900,900,900.0,371
Madhya Pradesh,Shehdol,Shahdol,Mahua Seed(Hippe seed),Other,FAQ,2006-07-24,900,900,900.0,371
Madhya Pradesh,Shehdol,Shahdol,Mahua Seed(Hippe seed),Other,FAQ,2006-08-22,1000,1000,1000.0,371
Odisha,Kalahandi,Bhawanipatna,Mahua Seed(Hippe seed),Other,FAQ,2006-03-26,700,750,750.0,371
Odisha,Rayagada,Gunpur,Mahua Seed(Hippe seed),Mahua Seed,FAQ,2006-08-04,1000,1200,1000.0,371
Odisha,Rayagada,Gunpur,Mahua Seed(Hippe seed),Mahua Seed,FAQ,2006-08-20,900,1100,1000.0,371
Odisha,Rayagada,Gunpur,Mahua Seed(Hippe seed),Mahua Seed,FAQ,2006-11-02,1000,1200,1000.0,371
Odisha,Rayagada,Gunpur,Mahua Seed(Hippe seed),Other,FAQ,2006-11-19,500,550,525.0,371
Odisha,Rayagada,Gunpur,Mahua Seed(Hippe seed),Other,FAQ,2006-11-21,500,550,525.0,371
Odisha,Rayagada,Gunpur,Mahua Seed(Hippe seed),Other,FAQ,2006-12-03,1000,1200,1000.0,371
Odisha,Rayagada,Gunpur,Mahua Seed(Hippe seed),Other,FAQ,2006-12-04,1000,1100,1050.0,371
Odisha,Rayagada,Gunpur,Mahua Seed(Hippe seed),Other,FAQ,2006-12-22,365,600,500.0,371
Odisha,Rayagada,Gunpur,Mahua Seed(Hippe seed),Other,FAQ,2006-12-27,800,900,850.0,371
Chattisgarh,Bastar,Jagdalpur,Mahua Seed(Hippe seed),Mahua Seed,FAQ,2007-09-07,350,1005,978.0,371
Chattisgarh,Bilaspur,Pendraroad,Mahua Seed(Hippe seed),Other,FAQ,2007-04-08,1500,1500,1500.0,371
Chattisgarh,Jashpur,Kunkuri,Mahua Seed(Hippe seed),Mahua Seed,FAQ,2007-09-15,1000,1000,1000.0,371
Chattisgarh,Jashpur,Pathalgaon,Mahua Seed(Hippe seed),Other,FAQ,2007-08-05,1000,1000,1000.0,371
Chattisgarh,Koria,Manendragarh,Mahua Seed(Hippe seed),Other,FAQ,2007-08-11,800,800,800.0,371
Chattisgarh,Narayanpur,Narayanpur,Mahua Seed(Hippe seed),Mahua Seed,FAQ,2007-07-11,700,800,800.0,371
Chattisgarh,Narayanpur,Narayanpur,Mahua Seed(Hippe seed),Mahua Seed,FAQ,2007-07-14,800,900,800.0,371
Chattisgarh,Narayanpur,Narayanpur,Mahua Seed(Hippe seed),Other,FAQ,2007-08-06,1000,1200,1000.0,371
Madhya Pradesh,Shehdol,Shahdol,Mahua Seed(Hippe seed),Other,FAQ,2007-07-13,1000,1000,1000.0,371
Madhya Pradesh,Shehdol,Shahdol,Mahua Seed(Hippe seed),Other,FAQ,2007-08-16,1500,1500,1500.0,371
Odisha,Malkangiri,Malkanagiri,Mahua Seed(Hippe seed),Other,FAQ,2007-07-03,700,800,750.0,371
Odisha,Malkangiri,Malkanagiri,Mahua Seed(Hippe seed),Other,FAQ,2007-07-19,800,900,850.0,371
Odisha,Malkangiri,Malkanagiri,Mahua Seed(Hippe seed),Other,FAQ,2007-07-21,700,800,750.0,371
Odisha,Malkangiri,Malkanagiri,Mahua Seed(Hippe seed),Other,FAQ,2007-09-01,800,850,830.0,371
Odisha,Malkangiri,Malkanagiri,Mahua Seed(Hippe seed),Other,FAQ,2007-09-03,750,800,780.0,371
Odisha,Malkangiri,Malkanagiri,Mahua Seed(Hippe seed),Other,FAQ,2007-09-11,700,800,750.0,371
Odisha,Malkangiri,Malkanagiri,Mahua Seed(Hippe seed),Other,FAQ,2007-09-15,700,800,750.0,371
Odisha,Malkangiri,Malkanagiri,Mahua Seed(Hippe seed),Other,FAQ,2007-09-18,700,752,730.0,371
Odisha,Malkangiri,Malkanagiri,Mahua Seed(Hippe seed),Other,FAQ,2007-09-26,700,750,730.0,371
Odisha,Malkangiri,Malkanagiri,Mahua Seed(Hippe seed),Other,FAQ,2007-10-12,700,750,730.0,371
Odisha,Malkangiri,Malkangiri(Korakunda),Mahua Seed(Hippe seed),Other,FAQ,2007-07-09,700,800,750.0,371
Odisha,Rayagada,Gunpur,Mahua Seed(Hippe seed),Other,FAQ,2007-03-17,700,900,800.0,371
Odisha,Rayagada,Gunpur,Mahua Seed(Hippe seed),Other,FAQ,2007-10-24,1700,1900,1800.0,371
Odisha,Rayagada,Rayagada(Muniguda),Mahua Seed(Hippe seed),Mahua Seed,FAQ,2007-10-03,900,1000,900.0,371
Odisha,Rayagada,Rayagada(Muniguda),Mahua Seed(Hippe seed),Mahua Seed,FAQ,2007-11-26,900,1000,900.0,371
Chattisgarh,Balrampur,Ramanujganj,Mahua Seed(Hippe seed),Other,FAQ,2011-03-31,800,800,800.0,371
Chattisgarh,Balrampur,Ramanujganj,Mahua Seed(Hippe seed),Other,FAQ,2011-07-04,1000,1000,1000.0,371
Chattisgarh,Balrampur,Ramanujganj,Mahua Seed(Hippe seed),Other,FAQ,2011-07-11,1000,1400,1000.0,371
Chattisgarh,Balrampur,Ramanujganj,Mahua Seed(Hippe seed),Other,FAQ,2011-07-18,1400,1400,1400.0,371
Chattisgarh,Balrampur,Ramanujganj,Mahua Seed(Hippe seed),Other,FAQ,2011-07-20,1400,1400,1400.0,371
Chattisgarh,Balrampur,Ramanujganj,Mahua Seed(Hippe seed),Other,FAQ,2011-07-23,1200,1500,1200.0,371
Chattisgarh,Balrampur,Ramanujganj,Mahua Seed(Hippe seed),Other,FAQ,2011-08-29,1400,1400,1400.0,371
Chattisgarh,Balrampur,Ramanujganj,Mahua Seed(Hippe seed),Other,FAQ,2011-10-31,1200,1200,1200.0,371
Chattisgarh,Balrampur,Ramanujganj,Mahua Seed(Hippe seed),Other,FAQ,2011-11-30,1200,1200,1200.0,371
Chattisgarh,Bastar,Jagdalpur,Mahua Seed(Hippe seed),Mahua Seed,FAQ,2011-06-11,1750,1800,1775.0,371
Chattisgarh,Bastar,Jagdalpur,Mahua Seed(Hippe seed),Mahua Seed,FAQ,2011-07-12,1550,1650,1600.0,371
Chattisgarh,Bastar,Jagdalpur,Mahua Seed(Hippe seed),Mahua Seed,FAQ,2011-07-16,1000,1650,1425.0,371
Chattisgarh,Bastar,Jagdalpur,Mahua Seed(Hippe seed),Mahua Seed,FAQ,2011-08-17,1200,1200,1200.0,371
Chattisgarh,Bijapur,Bhopalpattnam,Mahua Seed(Hippe seed),Other,FAQ,2011-08-14,800,1000,900.0,371
Chattisgarh,Bijapur,Bijapur,Mahua Seed(Hippe seed),Other,FAQ,2011-08-09,1100,1500,1300.0,371
Chattisgarh,Bilaspur,Pendraroad,Mahua Seed(Hippe seed),Mahua Seed,FAQ,2011-07-15,1200,1200,1200.0,371
Chattisgarh,Bilaspur,Pendraroad,Mahua Seed(Hippe seed),Mahua Seed,FAQ,2011-07-27,1500,1500,1500.0,371
Chattisgarh,Dantewada,Gidam,Mahua Seed(Hippe seed),Other,FAQ,2011-06-18,1400,1500,1450.0,371
Chattisgarh,Dantewada,Gidam,Mahua Seed(Hippe seed),Other,FAQ,2011-07-18,1200,1300,1250.0,371
Chattisgarh,Dantewada,Gidam,Mahua Seed(Hippe seed),Other,FAQ,2011-07-21,1200,1300,1250.0,371
Chattisgarh,Dantewada,Gidam,Mahua Seed(Hippe seed),Other,FAQ,2011-08-11,1200,1300,1250.0,371
Chattisgarh,Dantewada,Gidam,Mahua Seed(Hippe seed),Other,FAQ,2011-09-06,1000,1100,1050.0,371
Chattisgarh,Dantewada,Gidam,Mahua Seed(Hippe seed),Other,FAQ,2011-09-12,1200,1300,1250.0,371
Chattisgarh,Dantewada,Gidam,Mahua Seed(Hippe seed),Other,FAQ,2011-09-14,1000,1100,1050.0,371
Chattisgarh,Jashpur,Bageecha,Mahua Seed(Hippe seed),Other,FAQ,2011-02-21,1000,1000,1000.0,371
Chattisgarh,Jashpur,Kunkuri,Mahua Seed(Hippe seed),Other,FAQ,2011-08-12,1200,1200,1200.0,371
Chattisgarh,Jashpur,Kunkuri,Mahua Seed(Hippe seed),Other,FAQ,2011-09-29,1200,1200,1200.0,371
Chattisgarh,Jashpur,Pathalgaon,Mahua Seed(Hippe seed),Mahua Seed,FAQ,2011-06-30,1200,1200,1200.0,371
Chattisgarh,Jashpur,Pathalgaon,Mahua Seed(Hippe seed),Mahua Seed,FAQ,2011-08-30,1200,1200,1200.0,371
Chattisgarh,Kondagaon,Keshkal,Mahua Seed(Hippe seed),Other,FAQ,2011-06-19,950,1000,950.0,371
Chattisgarh,Kondagaon,Keshkal,Mahua Seed(Hippe seed),Other,FAQ,2011-06-30,540,720,550.0,371
Chattisgarh,Kondagaon,Keshkal,Mahua Seed(Hippe seed),Other,FAQ,2011-07-17,1000,1200,1050.0,371
Chattisgarh,Kondagaon,Keshkal,Mahua Seed(Hippe seed),Other,FAQ,2011-07-25,1000,1200,1050.0,371
Chattisgarh,Kondagaon,Keshkal,Mahua Seed(Hippe seed),Other,FAQ,2011-08-04,1000,1200,1050.0,371
Chattisgarh,Kondagaon,Keshkal,Mahua Seed(Hippe seed),Other,FAQ,2011-08-10,1000,1200,1050.0,371
Chattisgarh,Kondagaon,Kondagoan,Mahua Seed(Hippe seed),Mahua Seed,FAQ,2011-01-20,2000,2000,2000.0,371
Chattisgarh,Kondagaon,Kondagoan,Mahua Seed(Hippe seed),Mahua Seed,FAQ,2011-07-08,1000,1000,1000.0,371
Chattisgarh,Kondagaon,Kondagoan,Mahua Seed(Hippe seed),Mahua Seed,FAQ,2011-07-11,1000,1000,1000.0,371
Chattisgarh,Kondagaon,Kondagoan,Mahua Seed(Hippe seed),Mahua Seed,FAQ,2011-07-13,1000,1000,1000.0,371
Chattisgarh,Kondagaon,Kondagoan,Mahua Seed(Hippe seed),Mahua Seed,FAQ,2011-07-22,1000,1000,1000.0,371
Chattisgarh,Kondagaon,Kondagoan,Mahua Seed(Hippe seed),Mahua Seed,FAQ,2011-08-19,1000,1200,1100.0,371
Chattisgarh,Kondagaon,Kondagoan,Mahua Seed(Hippe seed),Mahua Seed,FAQ,2011-08-30,1000,1000,1000.0,371
Chattisgarh,Kondagaon,Kondagoan,Mahua Seed(Hippe seed),Mahua Seed,FAQ,2011-08-31,1000,1000,1000.0,371
Chattisgarh,Kondagaon,Kondagoan,Mahua Seed(Hippe seed),Mahua Seed,FAQ,2011-09-03,1000,1000,1000.0,371
Chattisgarh,Kondagaon,Kondagoan,Mahua Seed(Hippe seed),Mahua Seed,FAQ,2011-09-04,1000,1000,1000.0,371
Chattisgarh,Kondagaon,Kondagoan,Mahua Seed(Hippe seed),Mahua Seed,FAQ,2011-09-18,1000,1000,1000.0,371
Chattisgarh,Kondagaon,Kondagoan,Mahua Seed(Hippe seed),Mahua Seed,FAQ,2011-09-19,1000,1000,1000.0,371
Chattisgarh,Kondagaon,Kondagoan,Mahua Seed(Hippe seed),Mahua Seed,FAQ,2011-11-26,1000,1000,1000.0,371
Chattisgarh,Sukma,Konta,Mahua Seed(Hippe seed),Mahua Seed,FAQ,2011-06-26,1000,1200,1000.0,371
Chattisgarh,Sukma,Konta,Mahua Seed(Hippe seed),Mahua Seed,FAQ,2011-07-12,1000,1200,1000.0,371
Chattisgarh,Sukma,Konta,Mahua Seed(Hippe seed),Mahua Seed,FAQ,2011-10-16,800,1000,1000.0,371
Chattisgarh,Sukma,Konta,Mahua Seed(Hippe seed),Mahua Seed,FAQ,2011-10-21,800,1000,1000.0,371
Chattisgarh,Sukma,Konta,Mahua Seed(Hippe seed),Mahua Seed,FAQ,2011-10-23,800,1000,1000.0,371
Chattisgarh,Sukma,Konta,Mahua Seed(Hippe seed),Mahua Seed,FAQ,2011-10-30,800,1000,1000.0,371
Chattisgarh,Sukma,Konta,Mahua Seed(Hippe seed),Mahua Seed,FAQ,2011-11-02,1000,1200,1000.0,371
Chattisgarh,Sukma,Konta,Mahua Seed(Hippe seed),Mahua Seed,FAQ,2011-11-07,1000,1200,1000.0,371
Chattisgarh,Surguja,Ambikapur,Mahua Seed(Hippe seed),Other,FAQ,2011-04-21,1300,1300,1300.0,371
Chattisgarh,Surguja,Ambikapur,Mahua Seed(Hippe seed),Other,FAQ,2011-04-26,1300,1300,1300.0,371
Madhya Pradesh,Chhindwara,Chhindwara,Mahua Seed(Hippe seed),Mahua Seed,FAQ,2011-06-27,1700,1850,1775.0,371
Madhya Pradesh,Chhindwara,Chhindwara,Mahua Seed(Hippe seed),Mahua Seed,FAQ,2011-06-28,1800,1825,1800.0,371
Madhya Pradesh,Chhindwara,Chhindwara,Mahua Seed(Hippe seed),Mahua Seed,FAQ,2011-07-01,1805,1855,1825.0,371
Madhya Pradesh,Chhindwara,Chhindwara,Mahua Seed(Hippe seed),Mahua Seed,FAQ,2011-07-02,1825,1850,1835.0,371
Madhya Pradesh,Chhindwara,Chhindwara,Mahua Seed(Hippe seed),Mahua Seed,FAQ,2011-07-04,1800,1835,1818.0,371
Madhya Pradesh,Chhindwara,Chhindwara,Mahua Seed(Hippe seed),Mahua Seed,FAQ,2011-07-07,1725,1800,1762.0,371
Madhya Pradesh,Chhindwara,Chhindwara,Mahua Seed(Hippe seed),Mahua Seed,FAQ,2011-07-08,1750,1775,1760.0,371
Madhya Pradesh,Chhindwara,Chhindwara,Mahua Seed(Hippe seed),Mahua Seed,FAQ,2011-08-01,1825,1825,1825.0,371
Madhya Pradesh,Mandla,Bichhiya,Mahua Seed(Hippe seed),Other,FAQ,2011-08-05,1700,1700,1700.0,371
Madhya Pradesh,Mandla,Bichhiya,Mahua Seed(Hippe seed),Other,FAQ,2011-09-18,1600,1600,1600.0,371
Madhya Pradesh,Mandla,Bichhiya,Mahua Seed(Hippe seed),Other,FAQ,2011-10-03,1500,1500,1500.0,371
Odisha,Malkangiri,Malkanagiri,Mahua Seed(Hippe seed),Other,FAQ,2011-09-19,1000,1020,1010.0,371
Odisha,Rayagada,Rayagada(Muniguda),Mahua Seed(Hippe seed),Mahua Seed,FAQ,2011-11-27,1500,1600,1600.0,371
Chattisgarh,Balrampur,Ramanujganj,Mahua Seed(Hippe seed),Other,FAQ,2012-01-07,1400,1400,1400,371
Chattisgarh,Balrampur,Ramanujganj,Mahua Seed(Hippe seed),Other,FAQ,2012-03-12,1200,1200,1200,371
Chattisgarh,Balrampur,Ramanujganj,Mahua Seed(Hippe seed),Other,FAQ,2012-06-28,1200,1200,1200,371
Chattisgarh,Balrampur,Ramanujganj,Mahua Seed(Hippe seed),Other,FAQ,2012-07-11,1400,1400,1400,371
Chattisgarh,Balrampur,Ramanujganj,Mahua Seed(Hippe seed),Other,FAQ,2012-07-13,1500,1500,1500,371
Chattisgarh,Balrampur,Ramanujganj,Mahua Seed(Hippe seed),Other,FAQ,2012-07-23,1400,1400,1400,371
Chattisgarh,Balrampur,Ramanujganj,Mahua Seed(Hippe seed),Other,FAQ,2012-08-14,1500,1500,1500,371
Chattisgarh,Balrampur,Ramanujganj,Mahua Seed(Hippe seed),Other,FAQ,2012-08-31,1200,1200,1200,371
Chattisgarh,Balrampur,Ramanujganj,Mahua Seed(Hippe seed),Other,FAQ,2012-09-07,1500,1500,1500,371
Chattisgarh,Balrampur,Ramanujganj,Mahua Seed(Hippe seed),Other,FAQ,2012-09-17,1500,1500,1500,371
Chattisgarh,Balrampur,Ramanujganj,Mahua Seed(Hippe seed),Other,FAQ,2012-10-04,1500,1500,1500,371
Chattisgarh,Balrampur,Ramanujganj,Mahua Seed(Hippe seed),Other,FAQ,2012-11-08,1500,1500,1500,371
Chattisgarh,Bastar,Jagdalpur,Mahua Seed(Hippe seed),Mahua Seed,FAQ,2012-07-18,2000,2200,2100,371
Chattisgarh,Bastar,Jagdalpur,Mahua Seed(Hippe seed),Mahua Seed,FAQ,2012-08-06,2150,2250,2200,371
Chattisgarh,Bilaspur,Pendraroad,Mahua Seed(Hippe seed),Mahua Seed,FAQ,2012-01-31,1200,1200,1200,371
Chattisgarh,Bilaspur,Pendraroad,Mahua Seed(Hippe seed),Mahua Seed,FAQ,2012-07-09,1500,1500,1500,371
Chattisgarh,Bilaspur,Pendraroad,Mahua Seed(Hippe seed),Mahua Seed,FAQ,2012-07-28,1200,1200,1200,371
Chattisgarh,Bilaspur,Pendraroad,Mahua Seed(Hippe seed),Mahua Seed,FAQ,2012-08-06,1500,1500,1500,371
Chattisgarh,Bilaspur,Pendraroad,Mahua Seed(Hippe seed),Mahua Seed,FAQ,2012-08-11,1250,1250,1250,371
Chattisgarh,Bilaspur,Pendraroad,Mahua Seed(Hippe seed),Mahua Seed,FAQ,2012-08-31,1500,1500,1500,371
Chattisgarh,Bilaspur,Pendraroad,Mahua Seed(Hippe seed),Mahua Seed,FAQ,2012-11-27,1125,1125,1125,371
Chattisgarh,Dantewada,Gidam,Mahua Seed(Hippe seed),Other,FAQ,2012-07-01,1500,1600,1550,371
Chattisgarh,Dantewada,Gidam,Mahua Seed(Hippe seed),Other,FAQ,2012-07-07,1500,1600,1550,371
Chattisgarh,Dantewada,Gidam,Mahua Seed(Hippe seed),Other,FAQ,2012-07-09,1500,1600,1550,371
Chattisgarh,Dantewada,Gidam,Mahua Seed(Hippe seed),Other,FAQ,2012-07-28,1500,1600,1550,371
Chattisgarh,Dantewada,Gidam,Mahua Seed(Hippe seed),Other,FAQ,2012-08-05,1500,1600,1550,371
Chattisgarh,Dantewada,Gidam,Mahua Seed(Hippe seed),Other,FAQ,2012-08-30,1400,1500,1450,371
Chattisgarh,Dantewada,Gidam,Mahua Seed(Hippe seed),Other,FAQ,2012-08-31,1400,1500,1450,371
Chattisgarh,Dantewada,Gidam,Mahua Seed(Hippe seed),Other,FAQ,2012-10-13,1400,1500,1450,371
Chattisgarh,Jashpur,Bageecha,Mahua Seed(Hippe seed),Other,FAQ,2012-01-20,1000,1000,1000,371
Chattisgarh,Jashpur,Bageecha,Mahua Seed(Hippe seed),Other,FAQ,2012-08-26,1000,1000,1000,371
Chattisgarh,Jashpur,Kunkuri,Mahua Seed(Hippe seed),Other,FAQ,2012-07-25,1200,1200,1200,371
Chattisgarh,Jashpur,Kunkuri,Mahua Seed(Hippe seed),Other,FAQ,2012-07-31,1200,1200,1200,371
Chattisgarh,Jashpur,Pathalgaon,Mahua Seed(Hippe seed),Mahua Seed,FAQ,2012-03-31,1000,1000,1000,371
Chattisgarh,Jashpur,Pathalgaon,Mahua Seed(Hippe seed),Mahua Seed,FAQ,2012-06-30,1100,1100,1100,371
Chattisgarh,Jashpur,Pathalgaon,Mahua Seed(Hippe seed),Mahua Seed,FAQ,2012-07-25,1200,1200,1200,371
Chattisgarh,Kanker,Charama,Mahua Seed(Hippe seed),Other,FAQ,2012-07-12,1600,2000,1600,371
Chattisgarh,Kanker,Charama,Mahua Seed(Hippe seed),Other,FAQ,2012-07-17,2000,2000,2000,371
Chattisgarh,Kanker,Charama,Mahua Seed(Hippe seed),Other,FAQ,2012-07-24,3000,3000,3000,371
Chattisgarh,Kondagaon,Kondagoan,Mahua Seed(Hippe seed),Mahua Seed,FAQ,2012-06-19,1000,1000,1000,371
Chattisgarh,Kondagaon,Kondagoan,Mahua Seed(Hippe seed),Mahua Seed,FAQ,2012-06-24,500,500,500,371
Chattisgarh,Kondagaon,Kondagoan,Mahua Seed(Hippe seed),Mahua Seed,FAQ,2012-07-10,1000,1000,1000,371
Chattisgarh,Kondagaon,Kondagoan,Mahua Seed(Hippe seed),Mahua Seed,FAQ,2012-07-24,1000,1000,1000,371
Chattisgarh,Kondagaon,Kondagoan,Mahua Seed(Hippe seed),Mahua Seed,FAQ,2012-07-25,1000,1000,1000,371
Chattisgarh,Kondagaon,Kondagoan,Mahua Seed(Hippe seed),Mahua Seed,FAQ,2012-07-26,1000,1000,1000,371
Chattisgarh,Kondagaon,Kondagoan,Mahua Seed(Hippe seed),Mahua Seed,FAQ,2012-07-30,1000,1000,1000,371
Chattisgarh,Kondagaon,Kondagoan,Mahua Seed(Hippe seed),Mahua Seed,FAQ,2012-09-08,1000,1000,1000,371
Chattisgarh,Kondagaon,Kondagoan,Mahua Seed(Hippe seed),Mahua Seed,FAQ,2012-09-30,1000,1000,1000,371
Chattisgarh,Korba,Katghora,Mahua Seed(Hippe seed),Mahua Seed,FAQ,2012-07-14,1480,1500,1490,371
Chattisgarh,Koria,Manendragarh,Mahua Seed(Hippe seed),Other,FAQ,2012-07-14,1500,1500,1500,371
Chattisgarh,Koria,Manendragarh,Mahua Seed(Hippe seed),Other,FAQ,2012-07-18,1500,1500,1500,371
Chattisgarh,Koria,Manendragarh,Mahua Seed(Hippe seed),Other,FAQ,2012-07-20,1500,1500,1500,371
Chattisgarh,Koria,Manendragarh,Mahua Seed(Hippe seed),Other,FAQ,2012-07-21,1500,1500,1500,371
Chattisgarh,Koria,Manendragarh,Mahua Seed(Hippe seed),Other,FAQ,2012-07-24,1500,1500,1500,371
Chattisgarh,Koria,Manendragarh,Mahua Seed(Hippe seed),Other,FAQ,2012-07-26,1500,1500,1500,371
Chattisgarh,Koria,Manendragarh,Mahua Seed(Hippe seed),Other,FAQ,2012-07-27,1500,1500,1500,371
Chattisgarh,Koria,Manendragarh,Mahua Seed(Hippe seed),Other,FAQ,2012-08-04,1500,1500,1500,371
Chattisgarh,Koria,Manendragarh,Mahua Seed(Hippe seed),Other,FAQ,2012-09-08,1400,1400,1400,371
Chattisgarh,Koria,Manendragarh,Mahua Seed(Hippe seed),Other,FAQ,2012-09-09,1400,1400,1400,371
Chattisgarh,Koria,Manendragarh,Mahua Seed(Hippe seed),Other,FAQ,2012-09-12,1500,1500,1500,371
Chattisgarh,Koria,Manendragarh,Mahua Seed(Hippe seed),Other,FAQ,2012-10-07,1400,1400,1400,371
Chattisgarh,Koria,Manendragarh,Mahua Seed(Hippe seed),Other,FAQ,2012-12-20,1200,1200,1200,371
Chattisgarh,Sukma,Konta,Mahua Seed(Hippe seed),Mahua Seed,FAQ,2012-07-28,1200,1500,1400,371
Chattisgarh,Sukma,Konta,Mahua Seed(Hippe seed),Mahua Seed,FAQ,2012-08-28,1000,1500,1400,371
Chattisgarh,Sukma,Konta,Mahua Seed(Hippe seed),Mahua Seed,FAQ,2012-08-29,1000,1500,1400,371
Chattisgarh,Sukma,Konta,Mahua Seed(Hippe seed),Mahua Seed,FAQ,2012-09-27,1000,1500,1300,371
Chattisgarh,Sukma,Konta,Mahua Seed(Hippe seed),Mahua Seed,FAQ,2012-12-12,1000,1200,1000,371
Chattisgarh,Surajpur,Surajpur,Mahua Seed(Hippe seed),Other,FAQ,2012-05-09,1000,1000,1000,371
Chattisgarh,Surajpur,Surajpur,Mahua Seed(Hippe seed),Other,FAQ,2012-05-10,1000,1000,1000,371
Chattisgarh,Surajpur,Surajpur,Mahua Seed(Hippe seed),Other,FAQ,2012-10-13,1500,1500,1500,371
Madhya Pradesh,Chhindwara,Chhindwara,Mahua Seed(Hippe seed),Mahua Seed,FAQ,2012-06-20,2100,2150,2150,371
Madhya Pradesh,Chhindwara,Chhindwara,Mahua Seed(Hippe seed),Mahua Seed,FAQ,2012-06-21,2125,2160,2160,371
Madhya Pradesh,Chhindwara,Chhindwara,Mahua Seed(Hippe seed),Mahua Seed,FAQ,2012-06-30,2250,2330,2290,371
Madhya Pradesh,Chhindwara,Chhindwara,Mahua Seed(Hippe seed),Mahua Seed,FAQ,2012-07-03,2250,2255,2250,371
Madhya Pradesh,Chhindwara,Chhindwara,Mahua Seed(Hippe seed),Mahua Seed,FAQ,2012-07-04,2225,2315,2270,371
Madhya Pradesh,Chhindwara,Chhindwara,Mahua Seed(Hippe seed),Mahua Seed,FAQ,2012-07-11,2225,2310,2310,371
Madhya Pradesh,Chhindwara,Chhindwara,Mahua Seed(Hippe seed),Mahua Seed,FAQ,2012-07-14,2250,2275,2260,371
Madhya Pradesh,Chhindwara,Chhindwara,Mahua Seed(Hippe seed),Mahua Seed,FAQ,2012-07-18,2282,2390,2345,371
Madhya Pradesh,Chhindwara,Chhindwara,Mahua Seed(Hippe seed),Mahua Seed,FAQ,2012-07-20,2375,2450,2413,371
Madhya Pradesh,Chhindwara,Chhindwara,Mahua Seed(Hippe seed),Mahua Seed,FAQ,2012-07-24,2350,2400,2400,371
Madhya Pradesh,Chhindwara,Chhindwara,Mahua Seed(Hippe seed),Mahua Seed,FAQ,2012-08-14,2300,2362,2351,371
Madhya Pradesh,Chhindwara,Chhindwara,Mahua Seed(Hippe seed),Mahua Seed,FAQ,2012-08-18,2337,2337,2337,371
Madhya Pradesh,Chhindwara,Chhindwara,Mahua Seed(Hippe seed),Mahua Seed,FAQ,2012-08-27,2341,2341,2341,371
Madhya Pradesh,Chhindwara,Chhindwara,Mahua Seed(Hippe seed),Mahua Seed,FAQ,2012-08-30,2200,2340,2270,371
Madhya Pradesh,Chhindwara,Chhindwara,Mahua Seed(Hippe seed),Mahua Seed,FAQ,2012-09-12,2100,2100,2100,371
Madhya Pradesh,Mandla,Bichhiya,Mahua Seed(Hippe seed),Other,FAQ,2012-08-17,2100,2200,2150,371
Madhya Pradesh,Sidhi,Sidhi,Mahua Seed(Hippe seed),Other,FAQ,2012-07-27,1800,1950,1875,371
Madhya Pradesh,Sidhi,Sidhi,Mahua Seed(Hippe seed),Other,FAQ,2012-07-29,1750,1850,1800,371
Madhya Pradesh,Sidhi,Sidhi,Mahua Seed(Hippe seed),Other,FAQ,2012-08-18,1800,1900,1850,371
Madhya Pradesh,Sidhi,Sidhi,Mahua Seed(Hippe seed),Other,FAQ,2012-09-01,1800,1850,1825,371
Madhya Pradesh,Sidhi,Sidhi,Mahua Seed(Hippe seed),Other,FAQ,2012-10-27,1500,1510,1505,371
Madhya Pradesh,Sidhi,Sidhi,Mahua Seed(Hippe seed),Other,FAQ,2012-11-09,1500,1550,1525,371
Madhya Pradesh,Umariya,Umariya,Mahua Seed(Hippe seed),Other,FAQ,2012-10-11,1500,1700,1600,371
Odisha,Malkangiri,Malkanagiri,Mahua Seed(Hippe seed),Other,FAQ,2012-07-04,1100,1120,1110,371
Odisha,Malkangiri,Malkanagiri,Mahua Seed(Hippe seed),Other,FAQ,2012-07-13,1200,1230,1220,371
Odisha,Malkangiri,Malkanagiri,Mahua Seed(Hippe seed),Other,FAQ,2012-07-14,1080,1130,1100,371
Odisha,Malkangiri,Malkanagiri,Mahua Seed(Hippe seed),Other,FAQ,2012-07-16,1250,1260,1255,371
Odisha,Malkangiri,Malkanagiri,Mahua Seed(Hippe seed),Other,FAQ,2012-07-17,1200,1230,1220,371
Odisha,Malkangiri,Malkanagiri,Mahua Seed(Hippe seed),Other,FAQ,2012-07-18,1100,1150,1130,371
Odisha,Malkangiri,Malkanagiri,Mahua Seed(Hippe seed),Other,FAQ,2012-07-23,1100,1120,1110,371
Odisha,Malkangiri,Malkanagiri,Mahua Seed(Hippe seed),Other,FAQ,2012-08-09,1000,1020,1010,371
Odisha,Malkangiri,Malkanagiri,Mahua Seed(Hippe seed),Other,FAQ,2012-08-20,1100,1120,1110,371
Odisha,Rayagada,Gunpur,Mahua Seed(Hippe seed),Mahua Seed,FAQ,2012-04-18,1500,1600,1600,371
Odisha,Rayagada,Gunpur,Mahua Seed(Hippe seed),Mahua Seed,FAQ,2012-11-10,1500,1600,1600,371
Odisha,Rayagada,Gunpur,Mahua Seed(Hippe seed),Mahua Seed,FAQ,2012-12-13,1500,1600,1600,371
Odisha,Rayagada,Rayagada(Muniguda),Mahua Seed(Hippe seed),Mahua Seed,FAQ,2012-01-27,1500,1600,1600,371
Odisha,Rayagada,Rayagada(Muniguda),Mahua Seed(Hippe seed),Mahua Seed,FAQ,2012-02-28,1500,1600,1600,371
Odisha,Rayagada,Rayagada(Muniguda),Mahua Seed(Hippe seed),Mahua Seed,FAQ,2012-03-17,1500,1600,1600,371
Odisha,Rayagada,Rayagada(Muniguda),Mahua Seed(Hippe seed),Mahua Seed,FAQ,2012-03-26,1500,1600,1600,371
Odisha,Rayagada,Rayagada(Muniguda),Mahua Seed(Hippe seed),Mahua Seed,FAQ,2012-04-27,1500,1600,1600,371
Odisha,Rayagada,Rayagada(Muniguda),Mahua Seed(Hippe seed),Mahua Seed,FAQ,2012-11-12,1500,1600,1600,371
