State,District,Market,Commodity,Variety,Grade,Arrival_Date,Min_Price,Max_Price,Modal_Price,Commodity_Code
Chattisgarh,Balrampur,Kusmee,Myrobolan(Harad),Myrobolan,FAQ,2019-09-30,200,200,200,142
Chattisgarh,Balrampur,Ramanujganj,Myrobolan(Harad),Myrobolan,FAQ,2019-03-12,20,20,20,142
Chattisgarh,Balrampur,Ramanujganj,Myrobolan(Harad),Myrobolan,FAQ,2019-03-27,20,20,20,142
Chattisgarh,Balrampur,Ramanujganj,Myrobolan(Harad),Myrobolan,FAQ,2019-03-31,20,20,20,142
Chattisgarh,Balrampur,Ramanujganj,Myrobolan(Harad),Myrobolan,FAQ,2019-07-06,20,20,20,142
Chattisgarh,Balrampur,Ramanujganj,Myrobolan(Harad),Myrobolan,FAQ,2019-07-26,20,20,20,142
Chattisgarh,Balrampur,Ramanujganj,Myrobolan(Harad),Myrobolan,FAQ,2019-08-07,20,20,20,142
Chattisgarh,Balrampur,Ramanujganj,Myrobolan(Harad),Myrobolan,FAQ,2019-08-13,20,20,20,142
Chattisgarh,Balrampur,Ramanujganj,Myrobolan(Harad),Myrobolan,FAQ,2019-08-16,20,20,20,142
Chattisgarh,Balrampur,Ramanujganj,Myrobolan(Harad),Myrobolan,FAQ,2019-09-21,20,20,20,142
Chattisgarh,Balrampur,Ramanujganj,Myrobolan(Harad),Myrobolan,FAQ,2019-09-23,20,20,20,142
Chattisgarh,Balrampur,Ramanujganj,Myrobolan(Harad),Myrobolan,FAQ,2019-09-27,20,20,20,142
Chattisgarh,Balrampur,Ramanujganj,Myrobolan(Harad),Myrobolan,FAQ,2019-10-07,20,20,20,142
Chattisgarh,Balrampur,Ramanujganj,Myrobolan(Harad),Myrobolan,FAQ,2019-10-12,20,20,20,142
Chattisgarh,Balrampur,Ramanujganj,Myrobolan(Harad),Myrobolan,FAQ,2019-10-23,20,20,20,142
Chattisgarh,Surajpur,Pratappur,Myrobolan(Harad),Other,FAQ,2019-05-25,200,200,200,142
Madhya Pradesh,Dindori,Dindori,Myrobolan(Harad),Myrobolan,FAQ,2019-06-06,2000,2000,2000,142
Madhya Pradesh,Dindori,Dindori,Myrobolan(Harad),Myrobolan,FAQ,2019-06-16,1600,1600,1600,142
Madhya Pradesh,Dindori,Shahpura,Myrobolan(Harad),Myrobolan,FAQ,2019-01-01,500,500,500,142
Madhya Pradesh,Dindori,Shahpura,Myrobolan(Harad),Myrobolan,FAQ,2019-04-05,500,500,500,142
Madhya Pradesh,Dindori,Shahpura,Myrobolan(Harad),Myrobolan,FAQ,2019-06-05,800,1000,900,142
Madhya Pradesh,Dindori,Shahpura,Myrobolan(Harad),Myrobolan,FAQ,2019-06-08,500,500,500,142
Madhya Pradesh,Dindori,Shahpura,Myrobolan(Harad),Myrobolan,FAQ,2019-06-16,800,1000,900,142
Madhya Pradesh,Dindori,Shahpura,Myrobolan(Harad),Myrobolan,FAQ,2019-06-17,500,500,500,142
Madhya Pradesh,Dindori,Shahpura,Myrobolan(Harad),Myrobolan,FAQ,2019-09-15,1000,1200,1100,142
Madhya Pradesh,Shehdol,Budhar,Myrobolan(Harad),Myrobolan,FAQ,2019-04-12,1400,1400,1400,142
Madhya Pradesh,Shehdol,Budhar,Myrobolan(Harad),Myrobolan,FAQ,2019-12-07,1100,1300,1300,142
Chattisgarh,Balrampur,Kusmee,Myrobolan(Harad),Myrobolan,FAQ,2022-03-29,300,300,300.0,142
Chattisgarh,Balrampur,Kusmee,Myrobolan(Harad),Myrobolan,FAQ,2022-05-31,200,200,200.0,142
Chattisgarh,Balrampur,Kusmee,Myrobolan(Harad),Myrobolan,FAQ,2022-08-26,200,200,200.0,142
Chattisgarh,Balrampur,Kusmee,Myrobolan(Harad),Myrobolan,FAQ,2022-09-20,200,200,200.0,142
Chattisgarh,Balrampur,Kusmee,Myrobolan(Harad),Myrobolan,FAQ,2022-11-05,200,200,200.0,142
Chattisgarh,Balrampur,Ramanujganj,Myrobolan(Harad),Other,FAQ,2022-01-29,200,200,200.0,142
Chattisgarh,Balrampur,Ramanujganj,Myrobolan(Harad),Other,FAQ,2022-01-31,200,200,200.0,142
Chattisgarh,Balrampur,Ramanujganj,Myrobolan(Harad),Other,FAQ,2022-02-28,200,200,200.0,142
Chattisgarh,Balrampur,Ramanujganj,Myrobolan(Harad),Other,FAQ,2022-05-21,20,20,20.0,142
Chattisgarh,Balrampur,Ramanujganj,Myrobolan(Harad),Other,FAQ,2022-09-30,20,30,20.0,142
Madhya Pradesh,Anupur,Kotma,Myrobolan(Harad),Myrobolan,FAQ,2022-07-18,1300,1300,1300.0,142
Madhya Pradesh,Anupur,Kotma,Myrobolan(Harad),Myrobolan,FAQ,2022-11-29,1200,1200,1200.0,142
Madhya Pradesh,Anupur,Kotma,Myrobolan(Harad),Myrobolan,FAQ,2022-12-10,1500,1500,1500.0,142
Madhya Pradesh,Dindori,Dindori,Myrobolan(Harad),Myrobolan,FAQ,2022-02-07,1000,1000,1000.0,142
Madhya Pradesh,Dindori,Dindori,Myrobolan(Harad),Myrobolan,FAQ,2022-03-02,1200,1200,1200.0,142
Madhya Pradesh,Dindori,Dindori,Myrobolan(Harad),Myrobolan,FAQ,2022-04-13,1000,1000,1000.0,142
Madhya Pradesh,Dindori,Dindori,Myrobolan(Harad),Myrobolan,FAQ,2022-05-06,1000,1000,1000.0,142
Madhya Pradesh,Dindori,Dindori,Myrobolan(Harad),Myrobolan,FAQ,2022-06-18,1000,1010,1010.0,142
Madhya Pradesh,Dindori,Shahpura,Myrobolan(Harad),Myrobolan,FAQ,2022-02-05,1500,1500,1500.0,142
Madhya Pradesh,Dindori,Shahpura,Myrobolan(Harad),Myrobolan,FAQ,2022-03-07,1000,1000,1000.0,142
Madhya Pradesh,Dindori,Shahpura,Myrobolan(Harad),Myrobolan,FAQ,2022-06-14,1000,1000,1000.0,142
Madhya Pradesh,Dindori,Shahpura,Myrobolan(Harad),Myrobolan,FAQ,2022-11-07,1000,1000,1000.0,142
Madhya Pradesh,Shehdol,Budhar,Myrobolan(Harad),Myrobolan,FAQ,2022-09-21,800,800,800.0,142
Madhya Pradesh,Shehdol,Budhar,Myrobolan(Harad),Myrobolan,FAQ,2022-10-13,1000,1000,1000.0,142
Madhya Pradesh,Shehdol,Budhar,Myrobolan(Harad),Myrobolan,FAQ,2022-11-17,1050,0,1050.0,142
Chattisgarh,Balrampur,Ramanujganj,Myrobolan(Harad),Myrobolan,FAQ,2021-04-12,20,20,20,142
Chattisgarh,Balrampur,Ramanujganj,Myrobolan(Harad),Myrobolan,FAQ,2021-04-21,20,20,20,142
Chattisgarh,Balrampur,Ramanujganj,Myrobolan(Harad),Myrobolan,FAQ,2021-08-11,20,20,20,142
Chattisgarh,Balrampur,Ramanujganj,Myrobolan(Harad),Myrobolan,FAQ,2021-08-23,20,20,20,142
Chattisgarh,Balrampur,Ramanujganj,Myrobolan(Harad),Other,FAQ,2021-10-18,20,20,20,142
Chattisgarh,Balrampur,Kusmee,Myrobolan(Harad),Myrobolan,FAQ,2023-02-01,200,200,200,142
Chattisgarh,Balrampur,Kusmee,Myrobolan(Harad),Myrobolan,FAQ,2023-02-28,200,200,200,142
Chattisgarh,Balrampur,Kusmee,Myrobolan(Harad),Myrobolan,FAQ,2023-09-29,200,200,200,142
Chattisgarh,Balrampur,Rajpur,Myrobolan(Harad),Myrobolan,FAQ,2023-08-31,200,200,200,142
Chattisgarh,Balrampur,Ramanujganj,Myrobolan(Harad),Other,FAQ,2023-04-12,20,20,20,142
Chattisgarh,Balrampur,Ramanujganj,Myrobolan(Harad),Other,FAQ,2023-04-21,20,20,20,142
Chattisgarh,Balrampur,Ramanujganj,Myrobolan(Harad),Other,FAQ,2023-07-10,20,20,20,142
Chattisgarh,Balrampur,Ramanujganj,Myrobolan(Harad),Other,FAQ,2023-07-12,20,20,20,142
Chattisgarh,Balrampur,Ramanujganj,Myrobolan(Harad),Other,FAQ,2023-07-14,20,20,20,142
Chattisgarh,Balrampur,Ramanujganj,Myrobolan(Harad),Other,FAQ,2023-07-18,20,20,20,142
Chattisgarh,Balrampur,Ramanujganj,Myrobolan(Harad),Other,FAQ,2023-09-20,25,30,25,142
Chattisgarh,Balrampur,Ramanujganj,Myrobolan(Harad),Other,FAQ,2023-09-29,20,20,20,142
Chattisgarh,Balrampur,Ramanujganj,Myrobolan(Harad),Other,FAQ,2023-10-09,20,20,20,142
Chattisgarh,Balrampur,Ramanujganj,Myrobolan(Harad),Other,FAQ,2023-10-11,30,30,30,142
Chattisgarh,Balrampur,Ramanujganj,Myrobolan(Harad),Other,FAQ,2023-12-22,20,20,20,142
Madhya Pradesh,Anupur,Kotma,Myrobolan(Harad),Myrobolan,FAQ,2023-10-17,1400,1400,1400,142
Madhya Pradesh,Dindori,Dindori,Myrobolan(Harad),Myrobolan,FAQ,2023-02-22,1200,1200,1200,142
Madhya Pradesh,Dindori,Dindori,Myrobolan(Harad),Myrobolan,FAQ,2023-06-29,1000,1010,1010,142
Madhya Pradesh,Dindori,Shahpura,Myrobolan(Harad),Myrobolan,FAQ,2023-04-21,1000,1000,1000,142
Madhya Pradesh,Dindori,Shahpura,Myrobolan(Harad),Myrobolan,FAQ,2023-06-01,1000,1200,1100,142
Madhya Pradesh,Dindori,Shahpura,Myrobolan(Harad),Myrobolan,FAQ,2023-06-20,1300,1500,1400,142
Madhya Pradesh,Dindori,Shahpura,Myrobolan(Harad),Myrobolan,FAQ,2023-06-23,1200,1400,1300,142
Madhya Pradesh,Dindori,Shahpura,Myrobolan(Harad),Myrobolan,FAQ,2023-06-24,1200,1400,1300,142
Madhya Pradesh,Dindori,Shahpura,Myrobolan(Harad),Myrobolan,FAQ,2023-06-26,2300,2500,2400,142
Madhya Pradesh,Dindori,Shahpura,Myrobolan(Harad),Myrobolan,FAQ,2023-07-07,2000,2000,2000,142
Madhya Pradesh,Mandla,Nainpur,Myrobolan(Harad),Myrobolan,FAQ,2023-06-29,11000,11000,11000,142
Madhya Pradesh,Shehdol,Budhar,Myrobolan(Harad),Myrobolan,FAQ,2023-06-03,2000,2000,2000,142
Madhya Pradesh,Shehdol,Budhar,Myrobolan(Harad),Myrobolan,FAQ,2023-08-01,1700,1700,1700,142
Madhya Pradesh,Shehdol,Budhar,Myrobolan(Harad),Myrobolan,FAQ,2023-09-16,1700,1700,1700,142
Madhya Pradesh,Shehdol,Budhar,Myrobolan(Harad),Myrobolan,FAQ,2023-11-19,1500,1500,1500,142
Madhya Pradesh,Shehdol,Budhar,Myrobolan(Harad),Myrobolan,FAQ,2023-11-20,1500,1500,1500,142
