State,District,Market,Commodity,Variety,Grade,Arrival_Date,Min_Price,Max_Price,Modal_Price,Commodity_Code
Tamil Nadu,Cuddalore,Kurinchipadi,Thinai (Italian Millet),Other,FAQ,2019-09-25,4309,4309,4309,116
Tamil Nadu,Cuddalore,Kurinchipadi,Thinai (Italian Millet),Other,FAQ,2019-10-17,3209,3209,3209,116
Tamil Nadu,Cuddalore,Panruti,Thinai (Italian Millet),Other,FAQ,2019-01-11,1950,3086,2220,116
Tamil Nadu,Cuddalore,Panruti,Thinai (Italian Millet),Other,FAQ,2019-01-25,1480,1611,1600,116
Tamil Nadu,Cuddalore,Panruti,Thinai (Italian Millet),Other,FAQ,2019-02-27,1990,3269,2200,116
Tamil Nadu,Cuddalore,Panruti,Thinai (Italian Millet),Other,FAQ,2019-04-09,2500,4056,4005,116
Tamil Nadu,Cuddalore,Panruti,Thinai (Italian Millet),Other,FAQ,2019-09-05,4437,4607,4607,116
Tamil Nadu,Cuddalore,Panruti,Thinai (Italian Millet),Other,FAQ,2019-09-12,4007,4339,4137,116
Tamil Nadu,Cuddalore,Panruti,Thinai (Italian Millet),Other,FAQ,2019-09-16,4021,4127,4127,116
Tamil Nadu,Cuddalore,Panruti,Thinai (Italian Millet),Other,FAQ,2019-09-24,3888,3888,3888,116
Tamil Nadu,Cuddalore,Panruti,Thinai (Italian Millet),Other,FAQ,2019-09-30,3029,3333,3231,116
Tamil Nadu,Cuddalore,Panruti,Thinai (Italian Millet),Other,FAQ,2019-10-04,3009,3069,3009,116
Tamil Nadu,Cuddalore,Panruti,Thinai (Italian Millet),Other,FAQ,2019-10-21,2809,2809,2809,116
Tamil Nadu,Cuddalore,Panruti,Thinai (Italian Millet),Other,FAQ,2019-10-29,3519,3719,3519,116
Tamil Nadu,Cuddalore,Panruti,Thinai (Italian Millet),Other,FAQ,2019-11-15,3000,3399,3129,116
Tamil Nadu,Cuddalore,Panruti,Thinai (Italian Millet),Other,FAQ,2019-11-27,3151,3235,3151,116
Tamil Nadu,Cuddalore,Panruti,Thinai (Italian Millet),Other,FAQ,2019-12-13,3123,3350,3237,116
Tamil Nadu,Cuddalore,Virudhachalam,Thinai (Italian Millet),Other,FAQ,2019-09-19,4480,4489,4485,116
Tamil Nadu,Cuddalore,Virudhachalam,Thinai (Italian Millet),Other,FAQ,2019-09-20,4209,4437,4317,116
Tamil Nadu,Cuddalore,Virudhachalam,Thinai (Italian Millet),Other,FAQ,2019-09-25,4250,4252,4251,116
Pondicherry,Pondicherry,Madagadipet,Thinai (Italian Millet),Other,FAQ,2022-12-12,3710,3710,3710,116
Pondicherry,Pondicherry,Thattanchavady,Thinai (Italian Millet),Other,FAQ,2022-01-03,3177,3277,3227,116
Pondicherry,Pondicherry,Thattanchavady,Thinai (Italian Millet),Other,FAQ,2022-01-19,3332,3332,3332,116
Pondicherry,Pondicherry,Thattanchavady,Thinai (Italian Millet),Other,FAQ,2022-02-02,3337,3337,3337,116
Pondicherry,Pondicherry,Thattanchavady,Thinai (Italian Millet),Other,FAQ,2022-02-09,3411,3411,3411,116
Pondicherry,Pondicherry,Thattanchavady,Thinai (Italian Millet),Other,FAQ,2022-02-25,8699,8699,8699,116
Pondicherry,Pondicherry,Thattanchavady,Thinai (Italian Millet),Other,FAQ,2022-03-01,3507,3507,3507,116
Pondicherry,Pondicherry,Thattanchavady,Thinai (Italian Millet),Other,FAQ,2022-05-02,3377,3377,3377,116
Pondicherry,Pondicherry,Thattanchavady,Thinai (Italian Millet),Other,FAQ,2022-06-23,2929,2929,2929,116
Pondicherry,Pondicherry,Thattanchavady,Thinai (Italian Millet),Other,FAQ,2022-07-13,3339,3339,3339,116
Pondicherry,Pondicherry,Thattanchavady,Thinai (Italian Millet),Other,FAQ,2022-07-14,3253,3253,3253,116
Pondicherry,Pondicherry,Thattanchavady,Thinai (Italian Millet),Other,FAQ,2022-08-22,3569,3569,3569,116
Pondicherry,Pondicherry,Thattanchavady,Thinai (Italian Millet),Other,FAQ,2022-09-08,2511,2511,2511,116
Pondicherry,Pondicherry,Thattanchavady,Thinai (Italian Millet),Other,FAQ,2022-09-13,2799,3299,3049,116
Pondicherry,Pondicherry,Thattanchavady,Thinai (Italian Millet),Other,FAQ,2022-09-15,3175,3255,3215,116
Pondicherry,Pondicherry,Thattanchavady,Thinai (Italian Millet),Other,FAQ,2022-09-19,2888,3117,3002,116
Pondicherry,Pondicherry,Thattanchavady,Thinai (Italian Millet),Other,FAQ,2022-11-07,3059,3259,3159,116
Pondicherry,Pondicherry,Thattanchavady,Thinai (Italian Millet),Other,FAQ,2022-12-07,3549,3549,3549,116
Pondicherry,Pondicherry,Thattanchavady,Thinai (Italian Millet),Other,FAQ,2022-12-20,3459,3660,3559,116
Tamil Nadu,Cuddalore,Cuddalore,Thinai (Italian Millet),Other,FAQ,2022-11-28,3000,3000,3000,116
Tamil Nadu,Cuddalore,Panruti,Thinai (Italian Millet),Other,FAQ,2022-07-29,3109,3109,3109,116
Tamil Nadu,Cuddalore,Virudhachalam,Thinai (Italian Millet),Other,FAQ,2022-04-18,3009,3089,3079,116
Tamil Nadu,Cuddalore,Virudhachalam,Thinai (Italian Millet),Other,FAQ,2022-07-28,3009,3119,3069,116
Tamil Nadu,Cuddalore,Virudhachalam,Thinai (Italian Millet),Other,FAQ,2022-09-26,2560,2919,2839,116
Tamil Nadu,Cuddalore,Virudhachalam,Thinai (Italian Millet),Other,FAQ,2022-10-10,2489,2769,2502,116
Tamil Nadu,Cuddalore,Virudhachalam,Thinai (Italian Millet),Other,FAQ,2022-11-16,2800,3269,3169,116
Tamil Nadu,Cuddalore,Virudhachalam,Thinai (Italian Millet),Other,FAQ,2022-11-23,2189,3199,3189,116
Tamil Nadu,Cuddalore,Virudhachalam,Thinai (Italian Millet),Other,FAQ,2022-11-30,3126,3226,3206,116
Tamil Nadu,Cuddalore,Virudhachalam,Thinai (Italian Millet),Other,FAQ,2022-12-16,3369,3469,3419,116
Tamil Nadu,Villupuram,Chinnasalem,Thinai (Italian Millet),Other,FAQ,2022-02-21,3366,3366,3366,116
Tamil Nadu,Villupuram,Kallakurichi,Thinai (Italian Millet),Other,FAQ,2022-02-16,3269,3269,3269,116
Tamil Nadu,Villupuram,Kallakurichi,Thinai (Italian Millet),Other,FAQ,2022-02-18,3699,3699,3699,116
Tamil Nadu,Villupuram,Kallakurichi,Thinai (Italian Millet),Other,FAQ,2022-05-06,3339,3339,3339,116
Tamil Nadu,Villupuram,Kallakurichi,Thinai (Italian Millet),Other,FAQ,2022-08-23,2929,2929,2929,116
Tamil Nadu,Villupuram,Thirukovilur,Thinai (Italian Millet),Other,FAQ,2022-01-04,3470,3471,3471,116
Tamil Nadu,Villupuram,Thirukovilur,Thinai (Italian Millet),Other,FAQ,2022-01-13,2359,3300,2830,116
Tamil Nadu,Villupuram,Thirukovilur,Thinai (Italian Millet),Other,FAQ,2022-01-19,3650,3651,3651,116
Tamil Nadu,Villupuram,Thirukovilur,Thinai (Italian Millet),Other,FAQ,2022-01-24,3429,3629,3529,116
Tamil Nadu,Villupuram,Thirukovilur,Thinai (Italian Millet),Other,FAQ,2022-01-25,2869,3649,3259,116
Tamil Nadu,Villupuram,Thirukovilur,Thinai (Italian Millet),Other,FAQ,2022-02-15,3160,3161,3161,116
Tamil Nadu,Villupuram,Thirukovilur,Thinai (Italian Millet),Other,FAQ,2022-03-16,3459,3496,3478,116
Tamil Nadu,Villupuram,Thirukovilur,Thinai (Italian Millet),Other,FAQ,2022-04-07,3648,3649,3649,116
Tamil Nadu,Villupuram,Thirukovilur,Thinai (Italian Millet),Other,FAQ,2022-04-11,3610,3611,3611,116
Tamil Nadu,Villupuram,Thirukovilur,Thinai (Italian Millet),Other,FAQ,2022-04-18,2888,2889,2889,116
Tamil Nadu,Villupuram,Thirukovilur,Thinai (Italian Millet),Other,FAQ,2022-05-27,2618,2619,2619,116
Tamil Nadu,Villupuram,Thirukovilur,Thinai (Italian Millet),Other,FAQ,2022-06-07,2776,2976,2876,116
Tamil Nadu,Villupuram,Thirukovilur,Thinai (Italian Millet),Other,FAQ,2022-06-13,2659,2759,2709,116
Tamil Nadu,Villupuram,Thirukovilur,Thinai (Italian Millet),Other,FAQ,2022-06-22,2409,2809,2609,116
Tamil Nadu,Villupuram,Thirukovilur,Thinai (Italian Millet),Other,FAQ,2022-06-27,2829,3348,3089,116
Tamil Nadu,Villupuram,Thirukovilur,Thinai (Italian Millet),Other,FAQ,2022-07-18,2770,2860,2770,116
Tamil Nadu,Villupuram,Thirukovilur,Thinai (Italian Millet),Other,FAQ,2022-07-27,2711,3041,2711,116
Tamil Nadu,Villupuram,Thirukovilur,Thinai (Italian Millet),Other,FAQ,2022-08-22,2939,2989,2939,116
Tamil Nadu,Villupuram,Thirukovilur,Thinai (Italian Millet),Other,FAQ,2022-09-02,2968,2969,2968,116
Tamil Nadu,Villupuram,Thirukovilur,Thinai (Italian Millet),Other,FAQ,2022-09-07,2891,3009,2969,116
Tamil Nadu,Villupuram,Thirukovilur,Thinai (Italian Millet),Other,FAQ,2022-09-22,2169,2950,2869,116
Tamil Nadu,Villupuram,Thirukovilur,Thinai (Italian Millet),Other,FAQ,2022-09-23,2399,2899,2449,116
Tamil Nadu,Villupuram,Thirukovilur,Thinai (Italian Millet),Other,FAQ,2022-09-28,2399,2996,2399,116
Tamil Nadu,Villupuram,Thirukovilur,Thinai (Italian Millet),Other,FAQ,2022-10-11,1788,1789,1788,116
Tamil Nadu,Villupuram,Thirukovilur,Thinai (Italian Millet),Other,FAQ,2022-10-19,2688,2689,2688,116
Tamil Nadu,Villupuram,Thirukovilur,Thinai (Italian Millet),Other,FAQ,2022-10-27,2737,2738,2737,116
Tamil Nadu,Villupuram,Thirukovilur,Thinai (Italian Millet),Other,FAQ,2022-11-03,2659,2660,2659,116
Tamil Nadu,Villupuram,Thirukovilur,Thinai (Italian Millet),Other,FAQ,2022-11-07,2669,2669,2669,116
Tamil Nadu,Villupuram,Thiryagadurgam,Thinai (Italian Millet),Other,FAQ,2022-02-24,2761,2761,2761,116
Tamil Nadu,Villupuram,Thiryagadurgam,Thinai (Italian Millet),Other,FAQ,2022-08-16,2189,2189,2189,116
Tamil Nadu,Villupuram,Ulundurpettai,Thinai (Italian Millet),Other,FAQ,2022-01-12,3139,3139,3139,116
Tamil Nadu,Villupuram,Ulundurpettai,Thinai (Italian Millet),Other,FAQ,2022-03-09,3201,3201,3201,116
Tamil Nadu,Villupuram,Ulundurpettai,Thinai (Italian Millet),Other,FAQ,2022-03-15,3291,3291,3291,116
Tamil Nadu,Villupuram,Ulundurpettai,Thinai (Italian Millet),Other,FAQ,2022-03-23,3129,3269,3200,116
Tamil Nadu,Villupuram,Ulundurpettai,Thinai (Italian Millet),Other,FAQ,2022-04-12,3219,3219,3219,116
Tamil Nadu,Villupuram,Ulundurpettai,Thinai (Italian Millet),Other,FAQ,2022-05-18,3389,3389,3389,116
Tamil Nadu,Villupuram,Ulundurpettai,Thinai (Italian Millet),Other,FAQ,2022-05-23,2839,2999,2911,116
Tamil Nadu,Villupuram,Ulundurpettai,Thinai (Italian Millet),Other,FAQ,2022-05-25,2811,2811,2811,116
Tamil Nadu,Villupuram,Ulundurpettai,Thinai (Italian Millet),Other,FAQ,2022-06-01,2769,2769,2769,116
Tamil Nadu,Villupuram,Ulundurpettai,Thinai (Italian Millet),Other,FAQ,2022-06-14,2911,2933,2929,116
Tamil Nadu,Villupuram,Ulundurpettai,Thinai (Italian Millet),Other,FAQ,2022-07-07,2199,2199,2199,116
Tamil Nadu,Villupuram,Vikkiravandi,Thinai (Italian Millet),Other,FAQ,2022-01-20,3080,3260,3170,116
Tamil Nadu,Villupuram,Vikkiravandi,Thinai (Italian Millet),Other,FAQ,2022-02-02,2869,3209,3189,116
Tamil Nadu,Villupuram,Vikkiravandi,Thinai (Italian Millet),Other,FAQ,2022-02-03,2209,2929,2740,116
Tamil Nadu,Villupuram,Vikkiravandi,Thinai (Italian Millet),Other,FAQ,2022-02-15,2929,3211,3109,116
Tamil Nadu,Villupuram,Vikkiravandi,Thinai (Italian Millet),Other,FAQ,2022-02-28,2760,3369,3359,116
Tamil Nadu,Villupuram,Vikkiravandi,Thinai (Italian Millet),Other,FAQ,2022-03-10,3160,3406,3200,116
Tamil Nadu,Villupuram,Vikkiravandi,Thinai (Italian Millet),Other,FAQ,2022-03-28,3001,3140,3081,116
Tamil Nadu,Villupuram,Vikkiravandi,Thinai (Italian Millet),Other,FAQ,2022-05-04,2340,2899,2889,116
Tamil Nadu,Villupuram,Vikkiravandi,Thinai (Italian Millet),Other,FAQ,2022-05-18,2600,2689,2656,116
Tamil Nadu,Villupuram,Vikkiravandi,Thinai (Italian Millet),Other,FAQ,2022-05-23,2400,2749,2470,116
Tamil Nadu,Villupuram,Vikkiravandi,Thinai (Italian Millet),Other,FAQ,2022-05-27,2700,2713,2710,116
Tamil Nadu,Villupuram,Vikkiravandi,Thinai (Italian Millet),Other,FAQ,2022-07-05,2750,2909,2899,116
Tamil Nadu,Villupuram,Vikkiravandi,Thinai (Italian Millet),Other,FAQ,2022-07-08,2569,2769,2669,116
Tamil Nadu,Villupuram,Vikkiravandi,Thinai (Italian Millet),Other,FAQ,2022-09-14,2409,2939,2759,116
Tamil Nadu,Villupuram,Vikkiravandi,Thinai (Italian Millet),Other,FAQ,2022-09-16,2440,2889,2769,116
Tamil Nadu,Villupuram,Vikkiravandi,Thinai (Italian Millet),Other,FAQ,2022-10-07,2399,2789,2589,116
Tamil Nadu,Villupuram,Vikkiravandi,Thinai (Italian Millet),Other,FAQ,2022-11-16,2786,3269,3089,116
Tamil Nadu,Villupuram,Vikkiravandi,Thinai (Italian Millet),Other,FAQ,2022-12-14,2929,3240,3069,116
Tamil Nadu,Villupuram,Villupuram,Thinai (Italian Millet),Other,FAQ,2022-01-10,2319,3039,2879,116
Tamil Nadu,Villupuram,Villupuram,Thinai (Italian Millet),Other,FAQ,2022-01-12,3169,3269,3269,116
Tamil Nadu,Villupuram,Villupuram,Thinai (Italian Millet),Other,FAQ,2022-02-03,3216,3216,3216,116
Tamil Nadu,Villupuram,Villupuram,Thinai (Italian Millet),Other,FAQ,2022-09-27,2697,2847,2769,116
Tamil Nadu,Cuddalore,Virudhachalam,Thinai (Italian Millet),Other,FAQ,2019-11-12,2600,2800,2700,116
Tamil Nadu,Cuddalore,Virudhachalam,Thinai (Italian Millet),Other,FAQ,2019-11-20,2700,3719,2961,116
Tamil Nadu,Cuddalore,Virudhachalam,Thinai (Italian Millet),Other,FAQ,2019-11-27,1760,3089,2899,116
Tamil Nadu,Cuddalore,Virudhachalam,Thinai (Italian Millet),Other,FAQ,2019-12-12,3150,3189,3170,116
Tamil Nadu,Vellore,Vellore,Thinai (Italian Millet),Other,FAQ,2019-07-05,3200,3200,3200,116
Tamil Nadu,Vellore,Vellore,Thinai (Italian Millet),Other,FAQ,2019-10-21,4590,4590,4590,116
Tamil Nadu,Villupuram,Gingee,Thinai (Italian Millet),Other,FAQ,2019-01-11,2769,2769,2769,116
Tamil Nadu,Villupuram,Gingee,Thinai (Italian Millet),Other,FAQ,2019-04-24,2069,2069,2069,116
Tamil Nadu,Villupuram,Gingee,Thinai (Italian Millet),Other,FAQ,2019-04-26,2169,2169,2169,116
Tamil Nadu,Villupuram,Gingee,Thinai (Italian Millet),Other,FAQ,2019-05-06,3509,3509,3509,116
Tamil Nadu,Villupuram,Gingee,Thinai (Italian Millet),Other,FAQ,2019-08-07,4048,4048,4048,116
Tamil Nadu,Villupuram,Gingee,Thinai (Italian Millet),Other,FAQ,2019-08-21,2547,4469,3508,116
Tamil Nadu,Villupuram,Gingee,Thinai (Italian Millet),Other,FAQ,2019-09-17,1529,1529,1529,116
Tamil Nadu,Villupuram,Gingee,Thinai (Italian Millet),Other,FAQ,2019-10-03,1719,3619,3609,116
Tamil Nadu,Villupuram,Gingee,Thinai (Italian Millet),Other,FAQ,2019-10-10,2633,3121,3000,116
Tamil Nadu,Villupuram,Gingee,Thinai (Italian Millet),Other,FAQ,2019-10-22,3091,3212,3189,116
Tamil Nadu,Villupuram,Gingee,Thinai (Italian Millet),Other,FAQ,2019-10-23,2119,2929,2819,116
Tamil Nadu,Villupuram,Gingee,Thinai (Italian Millet),Other,FAQ,2019-10-25,1476,3076,1689,116
Tamil Nadu,Villupuram,Gingee,Thinai (Italian Millet),Other,FAQ,2019-10-31,2039,3084,2900,116
Tamil Nadu,Villupuram,Gingee,Thinai (Italian Millet),Other,FAQ,2019-11-06,2109,3139,3069,116
Tamil Nadu,Villupuram,Gingee,Thinai (Italian Millet),Other,FAQ,2019-11-12,2766,3201,3000,116
Tamil Nadu,Villupuram,Gingee,Thinai (Italian Millet),Other,FAQ,2019-11-14,2500,2907,2820,116
Tamil Nadu,Villupuram,Gingee,Thinai (Italian Millet),Other,FAQ,2019-11-18,2617,3159,3050,116
Tamil Nadu,Villupuram,Kallakurichi,Thinai (Italian Millet),Other,FAQ,2019-02-05,4409,4409,4409,116
Tamil Nadu,Villupuram,Kallakurichi,Thinai (Italian Millet),Other,FAQ,2019-12-16,3299,3299,3299,116
Tamil Nadu,Villupuram,Kallakurichi,Thinai (Italian Millet),Other,FAQ,2019-12-26,3699,3699,3699,116
Tamil Nadu,Villupuram,Thirukovilur,Thinai (Italian Millet),Other,FAQ,2019-01-28,1719,1919,1863,116
Tamil Nadu,Villupuram,Thirukovilur,Thinai (Italian Millet),Other,FAQ,2019-03-04,3700,3829,3811,116
Tamil Nadu,Villupuram,Thirukovilur,Thinai (Italian Millet),Other,FAQ,2019-03-27,3489,3911,3600,116
Tamil Nadu,Villupuram,Thirukovilur,Thinai (Italian Millet),Other,FAQ,2019-11-04,1939,3366,2989,116
Tamil Nadu,Villupuram,Thirukovilur,Thinai (Italian Millet),Other,FAQ,2019-11-08,2769,3219,2829,116
Tamil Nadu,Villupuram,Thirukovilur,Thinai (Italian Millet),Other,FAQ,2019-11-11,1869,3390,3389,116
Tamil Nadu,Villupuram,Thirukovilur,Thinai (Italian Millet),Other,FAQ,2019-11-26,2519,3289,2850,116
Tamil Nadu,Villupuram,Thiryagadurgam,Thinai (Italian Millet),Other,FAQ,2019-12-27,1519,2223,2220,116
Tamil Nadu,Villupuram,Tindivanam,Thinai (Italian Millet),Other,FAQ,2019-02-26,2120,2120,2120,116
Tamil Nadu,Villupuram,Tindivanam,Thinai (Italian Millet),Other,FAQ,2019-03-07,3650,3709,3709,116
Tamil Nadu,Villupuram,Tindivanam,Thinai (Italian Millet),Other,FAQ,2019-03-18,3509,3650,3580,116
Tamil Nadu,Villupuram,Tindivanam,Thinai (Italian Millet),Other,FAQ,2019-04-10,3000,3140,3100,116
Tamil Nadu,Villupuram,Tindivanam,Thinai (Italian Millet),Other,FAQ,2019-08-22,4129,4129,4129,116
Tamil Nadu,Villupuram,Tindivanam,Thinai (Italian Millet),Other,FAQ,2019-09-19,3460,3869,3869,116
Tamil Nadu,Villupuram,Tindivanam,Thinai (Italian Millet),Other,FAQ,2019-09-30,2599,3099,2899,116
Tamil Nadu,Villupuram,Tindivanam,Thinai (Italian Millet),Other,FAQ,2019-10-04,3389,3509,3499,116
Tamil Nadu,Villupuram,Tindivanam,Thinai (Italian Millet),Other,FAQ,2019-10-17,2429,2863,2842,116
Tamil Nadu,Villupuram,Tindivanam,Thinai (Italian Millet),Other,FAQ,2019-10-18,1909,3063,2999,116
Tamil Nadu,Villupuram,Tindivanam,Thinai (Italian Millet),Other,FAQ,2019-10-30,3899,5299,4909,116
Tamil Nadu,Villupuram,Tindivanam,Thinai (Italian Millet),Other,FAQ,2019-11-18,2839,2939,2899,116
Tamil Nadu,Villupuram,Tindivanam,Thinai (Italian Millet),Other,FAQ,2019-11-20,2799,3069,3069,116
Tamil Nadu,Villupuram,Tindivanam,Thinai (Italian Millet),Other,FAQ,2019-11-27,2923,2923,2923,116
Tamil Nadu,Villupuram,Tindivanam,Thinai (Italian Millet),Other,FAQ,2019-12-05,2962,2962,2962,116
Tamil Nadu,Villupuram,Tindivanam,Thinai (Italian Millet),Other,FAQ,2019-12-26,3179,3179,3179,116
Tamil Nadu,Villupuram,Tindivanam,Thinai (Italian Millet),Other,FAQ,2019-12-30,3089,3339,3189,116
Tamil Nadu,Villupuram,Tindivanam,Thinai (Italian Millet),Other,FAQ,2019-12-31,3352,3352,3352,116
Tamil Nadu,Villupuram,Ulundurpettai,Thinai (Italian Millet),Other,FAQ,2019-01-10,1500,2560,1600,116
Tamil Nadu,Villupuram,Ulundurpettai,Thinai (Italian Millet),Other,FAQ,2019-01-18,1850,2389,2200,116
Tamil Nadu,Villupuram,Ulundurpettai,Thinai (Italian Millet),Other,FAQ,2019-02-05,1800,2279,1950,116
Tamil Nadu,Villupuram,Ulundurpettai,Thinai (Italian Millet),Other,FAQ,2019-05-07,3640,3740,3690,116
Tamil Nadu,Villupuram,Ulundurpettai,Thinai (Italian Millet),Other,FAQ,2019-07-01,3559,3579,3569,116
Tamil Nadu,Villupuram,Ulundurpettai,Thinai (Italian Millet),Other,FAQ,2019-08-02,3890,3890,3890,116
Tamil Nadu,Villupuram,Ulundurpettai,Thinai (Italian Millet),Other,FAQ,2019-09-03,3879,3970,3924,116
Tamil Nadu,Villupuram,Ulundurpettai,Thinai (Italian Millet),Other,FAQ,2019-09-18,4123,4193,4158,116
Tamil Nadu,Villupuram,Ulundurpettai,Thinai (Italian Millet),Other,FAQ,2019-11-25,3189,3189,3189,116
Tamil Nadu,Villupuram,Ulundurpettai,Thinai (Italian Millet),Other,FAQ,2019-11-27,2479,2979,2679,116
Tamil Nadu,Villupuram,Ulundurpettai,Thinai (Italian Millet),Other,FAQ,2019-11-28,2999,2999,2999,116
Tamil Nadu,Villupuram,Ulundurpettai,Thinai (Italian Millet),Other,FAQ,2019-11-29,3509,3509,3509,116
Tamil Nadu,Villupuram,Ulundurpettai,Thinai (Italian Millet),Other,FAQ,2019-12-26,3010,3010,3010,116
Tamil Nadu,Villupuram,Vikkiravandi,Thinai (Italian Millet),Other,FAQ,2019-01-28,3053,3120,3094,116
Tamil Nadu,Villupuram,Vikkiravandi,Thinai (Italian Millet),Other,FAQ,2019-02-01,3100,3209,3194,116
Tamil Nadu,Villupuram,Vikkiravandi,Thinai (Italian Millet),Other,FAQ,2019-03-01,3500,3910,3720,116
Tamil Nadu,Villupuram,Vikkiravandi,Thinai (Italian Millet),Other,FAQ,2019-04-03,3459,3699,3580,116
Tamil Nadu,Villupuram,Vikkiravandi,Thinai (Italian Millet),Other,FAQ,2019-08-27,5000,5025,5010,116
Tamil Nadu,Villupuram,Vikkiravandi,Thinai (Italian Millet),Other,FAQ,2019-09-25,3799,3989,3829,116
Tamil Nadu,Villupuram,Vikkiravandi,Thinai (Italian Millet),Other,FAQ,2019-09-27,3639,3789,3689,116
Tamil Nadu,Villupuram,Vikkiravandi,Thinai (Italian Millet),Other,FAQ,2019-10-01,2696,3754,3423,116
Tamil Nadu,Villupuram,Vikkiravandi,Thinai (Italian Millet),Other,FAQ,2019-10-04,2870,3279,2984,116
Tamil Nadu,Villupuram,Vikkiravandi,Thinai (Italian Millet),Other,FAQ,2019-10-09,2699,3069,3010,116
Tamil Nadu,Villupuram,Vikkiravandi,Thinai (Italian Millet),Other,FAQ,2019-10-11,2269,3097,2704,116
Tamil Nadu,Villupuram,Vikkiravandi,Thinai (Italian Millet),Other,FAQ,2019-10-15,2624,3125,2869,116
Pondicherry,Pondicherry,Madagadipet,Thinai (Italian Millet),Other,FAQ,2021-12-09,2836,2836,2836,116
Tamil Nadu,Cuddalore,Kurinchipadi,Thinai (Italian Millet),Other,FAQ,2021-09-27,2386,2386,2386,116
Tamil Nadu,Cuddalore,Kurinchipadi,Thinai (Italian Millet),Other,FAQ,2021-09-28,2389,2389,2389,116
Tamil Nadu,Cuddalore,Panruti,Thinai (Italian Millet),Other,FAQ,2021-03-30,2988,3159,3053,116
Tamil Nadu,Cuddalore,Virudhachalam,Thinai (Italian Millet),Other,FAQ,2021-09-21,2239,2679,2429,116
Tamil Nadu,Cuddalore,Virudhachalam,Thinai (Italian Millet),Other,FAQ,2021-09-28,2426,2566,2516,116
Tamil Nadu,Cuddalore,Virudhachalam,Thinai (Italian Millet),Other,FAQ,2021-09-29,2426,2566,2516,116
Tamil Nadu,Vellore,Vellore,Thinai (Italian Millet),Other,FAQ,2021-09-07,3510,3510,3510,116
Tamil Nadu,Villupuram,Kallakurichi,Thinai (Italian Millet),Other,FAQ,2021-03-30,3109,3109,3109,116
Tamil Nadu,Villupuram,Thirukovilur,Thinai (Italian Millet),Other,FAQ,2021-09-14,2509,2729,2619,116
Tamil Nadu,Villupuram,Thirukovilur,Thinai (Italian Millet),Other,FAQ,2021-09-17,2493,2769,2631,116
Tamil Nadu,Villupuram,Thiryagadurgam,Thinai (Italian Millet),Other,FAQ,2021-09-28,2089,2089,2089,116
Tamil Nadu,Villupuram,Villupuram,Thinai (Italian Millet),Other,FAQ,2021-09-16,2691,2871,2781,116
Tamil Nadu,Villupuram,Villupuram,Thinai (Italian Millet),Other,FAQ,2021-09-21,2479,2639,2619,116
Tamil Nadu,Villupuram,Villupuram,Thinai (Italian Millet),Other,FAQ,2021-09-23,2299,2510,2492,116
Tamil Nadu,Villupuram,Villupuram,Thinai (Italian Millet),Other,FAQ,2021-09-28,2319,2510,2480,116
Tamil Nadu,Villupuram,Villupuram,Thinai (Italian Millet),Other,FAQ,2021-09-30,2269,2569,2489,116
Pondicherry,Pondicherry,Madagadipet,Thinai (Italian Millet),Other,FAQ,2013-09-26,1181,1181,1181,116
Pondicherry,Pondicherry,Madagadipet,Thinai (Italian Millet),Other,FAQ,2013-10-08,690,690,690,116
Pondicherry,Pondicherry,Madagadipet,Thinai (Italian Millet),Other,FAQ,2013-10-09,856,1139,1000,116
Pondicherry,Pondicherry,Thattanchavady,Thinai (Italian Millet),Other,FAQ,2013-01-09,1462,1462,1462,116
Pondicherry,Pondicherry,Thattanchavady,Thinai (Italian Millet),Other,FAQ,2013-01-11,1573,1642,1642,116
Pondicherry,Pondicherry,Thattanchavady,Thinai (Italian Millet),Other,FAQ,2013-01-18,1717,1747,1747,116
Pondicherry,Pondicherry,Thattanchavady,Thinai (Italian Millet),Other,FAQ,2013-01-29,1467,1620,1550,116
Pondicherry,Pondicherry,Thattanchavady,Thinai (Italian Millet),Other,FAQ,2013-02-04,1622,1622,1622,116
Pondicherry,Pondicherry,Thattanchavady,Thinai (Italian Millet),Other,FAQ,2013-02-27,1439,1439,1439,116
Pondicherry,Pondicherry,Thattanchavady,Thinai (Italian Millet),Other,FAQ,2013-03-01,1539,1539,1539,116
Pondicherry,Pondicherry,Thattanchavady,Thinai (Italian Millet),Other,FAQ,2013-04-04,1666,1666,1666,116
Pondicherry,Pondicherry,Thattanchavady,Thinai (Italian Millet),Other,FAQ,2013-04-25,1627,1627,1627,116
Pondicherry,Pondicherry,Thattanchavady,Thinai (Italian Millet),Other,FAQ,2013-05-16,1497,1524,1524,116
Pondicherry,Pondicherry,Thattanchavady,Thinai (Italian Millet),Other,FAQ,2013-06-06,1169,1521,1350,116
Pondicherry,Pondicherry,Thattanchavady,Thinai (Italian Millet),Other,FAQ,2013-06-17,1340,1340,1340,116
Pondicherry,Pondicherry,Thattanchavady,Thinai (Italian Millet),Other,FAQ,2013-06-25,1007,1428,1300,116
Pondicherry,Pondicherry,Thattanchavady,Thinai (Italian Millet),Other,FAQ,2013-06-26,1497,1497,1497,116
Pondicherry,Pondicherry,Thattanchavady,Thinai (Italian Millet),Other,FAQ,2013-07-01,1297,1397,1350,116
Pondicherry,Pondicherry,Thattanchavady,Thinai (Italian Millet),Other,FAQ,2013-07-15,1219,1417,1300,116
Pondicherry,Pondicherry,Thattanchavady,Thinai (Italian Millet),Other,FAQ,2013-08-08,1400,1400,1400,116
Pondicherry,Pondicherry,Thattanchavady,Thinai (Italian Millet),Other,FAQ,2013-08-19,1097,1497,1300,116
Pondicherry,Pondicherry,Thattanchavady,Thinai (Italian Millet),Other,FAQ,2013-08-27,1400,1400,1400,116
Pondicherry,Pondicherry,Thattanchavady,Thinai (Italian Millet),Other,FAQ,2013-09-16,777,1359,1240,116
Pondicherry,Pondicherry,Thattanchavady,Thinai (Italian Millet),Other,FAQ,2013-09-23,847,1215,990,116
Pondicherry,Pondicherry,Thattanchavady,Thinai (Italian Millet),Other,FAQ,2013-10-04,1127,1300,1250,116
Pondicherry,Pondicherry,Thattanchavady,Thinai (Italian Millet),Other,FAQ,2013-10-08,1097,1283,1283,116
Pondicherry,Pondicherry,Thattanchavady,Thinai (Italian Millet),Other,FAQ,2013-10-17,1179,1280,1280,116
Pondicherry,Pondicherry,Thattanchavady,Thinai (Italian Millet),Other,FAQ,2013-10-24,1047,1400,1300,116
Pondicherry,Pondicherry,Thattanchavady,Thinai (Italian Millet),Other,FAQ,2013-10-30,1220,1327,1327,116
Pondicherry,Pondicherry,Thattanchavady,Thinai (Italian Millet),Other,FAQ,2013-11-27,1321,1361,1361,116
Pondicherry,Pondicherry,Thattanchavady,Thinai (Italian Millet),Other,FAQ,2013-11-29,1339,1360,1360,116
Pondicherry,Pondicherry,Thattanchavady,Thinai (Italian Millet),Other,FAQ,2013-12-04,1360,1360,1360,116
Pondicherry,Pondicherry,Thattanchavady,Thinai (Italian Millet),Other,FAQ,2013-12-05,1367,1387,1387,116
Pondicherry,Pondicherry,Thattanchavady,Thinai (Italian Millet),Other,FAQ,2013-12-27,1259,1259,1259,116
Tamil Nadu,Cuddalore,Kurinchipadi,Thinai (Italian Millet),Other,FAQ,2013-08-29,1260,1320,1290,116
Tamil Nadu,Cuddalore,Kurinchipadi,Thinai (Italian Millet),Other,FAQ,2013-09-04,1280,1280,1280,116
Tamil Nadu,Cuddalore,Kurinchipadi,Thinai (Italian Millet),Other,FAQ,2013-09-10,1200,1382,1291,116
Tamil Nadu,Cuddalore,Kurinchipadi,Thinai (Italian Millet),Other,FAQ,2013-09-11,1282,1311,1297,116
Tamil Nadu,Cuddalore,Kurinchipadi,Thinai (Italian Millet),Other,FAQ,2013-09-16,1380,1421,1401,116
Tamil Nadu,Cuddalore,Kurinchipadi,Thinai (Italian Millet),Other,FAQ,2013-09-20,1200,1390,1295,116
Tamil Nadu,Cuddalore,Kurinchipadi,Thinai (Italian Millet),Other,FAQ,2013-10-10,1119,1119,1119,116
Tamil Nadu,Cuddalore,Kurinchipadi,Thinai (Italian Millet),Other,FAQ,2013-10-15,1185,1185,1185,116
Tamil Nadu,Cuddalore,Kurinchipadi,Thinai (Italian Millet),Other,FAQ,2013-11-14,1319,1319,1319,116
Tamil Nadu,Cuddalore,Panruti,Thinai (Italian Millet),Other,FAQ,2013-01-09,1701,1701,1701,116
Tamil Nadu,Cuddalore,Panruti,Thinai (Italian Millet),Other,FAQ,2013-01-30,1859,1859,1859,116
Tamil Nadu,Cuddalore,Panruti,Thinai (Italian Millet),Other,FAQ,2013-02-22,1250,1250,1250,116
Tamil Nadu,Cuddalore,Panruti,Thinai (Italian Millet),Other,FAQ,2013-04-12,1717,1717,1717,116
Tamil Nadu,Cuddalore,Panruti,Thinai (Italian Millet),Other,FAQ,2013-06-24,1851,1851,1851,116
Tamil Nadu,Cuddalore,Panruti,Thinai (Italian Millet),Other,FAQ,2013-07-15,1629,1629,1629,116
Tamil Nadu,Cuddalore,Panruti,Thinai (Italian Millet),Other,FAQ,2013-07-29,1639,1639,1639,116
Tamil Nadu,Cuddalore,Panruti,Thinai (Italian Millet),Other,FAQ,2013-09-04,1280,1280,1280,116
Tamil Nadu,Cuddalore,Panruti,Thinai (Italian Millet),Other,FAQ,2013-10-04,1119,1269,1194,116
Tamil Nadu,Cuddalore,Panruti,Thinai (Italian Millet),Other,FAQ,2013-10-10,1203,1203,1203,116
Tamil Nadu,Cuddalore,Panruti,Thinai (Italian Millet),Other,FAQ,2013-10-17,1160,1275,1218,116
Tamil Nadu,Cuddalore,Panruti,Thinai (Italian Millet),Other,FAQ,2013-10-18,1269,1282,1276,116
Tamil Nadu,Cuddalore,Panruti,Thinai (Italian Millet),Other,FAQ,2013-10-25,1219,1219,1219,116
Tamil Nadu,Cuddalore,Panruti,Thinai (Italian Millet),Other,FAQ,2013-11-06,1379,1379,1379,116
Tamil Nadu,Cuddalore,Panruti,Thinai (Italian Millet),Other,FAQ,2013-11-18,1399,1399,1399,116
Tamil Nadu,Cuddalore,Panruti,Thinai (Italian Millet),Other,FAQ,2013-11-29,1309,1309,1309,116
Tamil Nadu,Cuddalore,Panruti,Thinai (Italian Millet),Other,FAQ,2013-12-10,1371,1371,1371,116
Tamil Nadu,Cuddalore,Panruti,Thinai (Italian Millet),Other,FAQ,2013-12-17,1392,1409,1401,116
Tamil Nadu,Cuddalore,Virudhachalam,Thinai (Italian Millet),Other,FAQ,2013-02-07,1609,1809,1709,116
Tamil Nadu,Cuddalore,Virudhachalam,Thinai (Italian Millet),Other,FAQ,2013-07-26,1209,1309,1259,116
Tamil Nadu,Cuddalore,Virudhachalam,Thinai (Italian Millet),Other,FAQ,2013-09-04,1429,1446,1438,116
Tamil Nadu,Cuddalore,Virudhachalam,Thinai (Italian Millet),Other,FAQ,2013-10-22,1195,1306,1250,116
Tamil Nadu,Cuddalore,Virudhachalam,Thinai (Italian Millet),Other,FAQ,2013-10-24,910,1312,1111,116
Tamil Nadu,Cuddalore,Virudhachalam,Thinai (Italian Millet),Other,FAQ,2013-11-06,1069,1282,1175,116
Tamil Nadu,Cuddalore,Virudhachalam,Thinai (Italian Millet),Other,FAQ,2013-11-08,701,1001,851,116
Tamil Nadu,Cuddalore,Virudhachalam,Thinai (Italian Millet),Other,FAQ,2013-11-29,1313,1462,1387,116
Tamil Nadu,Cuddalore,Virudhachalam,Thinai (Italian Millet),Other,FAQ,2013-12-31,1339,1396,1367,116
Tamil Nadu,Villupuram,Gingee,Thinai (Italian Millet),Other,FAQ,2013-01-03,1609,1657,1633,116
Tamil Nadu,Villupuram,Gingee,Thinai (Italian Millet),Other,FAQ,2013-01-08,1655,1655,1655,116
Tamil Nadu,Villupuram,Gingee,Thinai (Italian Millet),Other,FAQ,2013-02-01,1559,1559,1559,116
Tamil Nadu,Villupuram,Gingee,Thinai (Italian Millet),Other,FAQ,2013-03-15,1469,1469,1469,116
Tamil Nadu,Villupuram,Gingee,Thinai (Italian Millet),Other,FAQ,2013-04-09,910,910,910,116
Tamil Nadu,Villupuram,Gingee,Thinai (Italian Millet),Other,FAQ,2013-05-10,1480,1480,1480,116
Tamil Nadu,Villupuram,Gingee,Thinai (Italian Millet),Other,FAQ,2013-06-10,1353,1353,1353,116
Tamil Nadu,Villupuram,Gingee,Thinai (Italian Millet),Other,FAQ,2013-06-17,1487,1487,1487,116
Tamil Nadu,Villupuram,Gingee,Thinai (Italian Millet),Other,FAQ,2013-07-05,1409,1409,1409,116
Tamil Nadu,Villupuram,Gingee,Thinai (Italian Millet),Other,FAQ,2013-08-19,919,919,919,116
Tamil Nadu,Villupuram,Gingee,Thinai (Italian Millet),Other,FAQ,2013-08-30,1076,1413,1245,116
Tamil Nadu,Villupuram,Gingee,Thinai (Italian Millet),Other,FAQ,2013-09-06,1380,1391,1385,116
Tamil Nadu,Villupuram,Gingee,Thinai (Italian Millet),Other,FAQ,2013-09-10,1307,1307,1307,116
Tamil Nadu,Villupuram,Gingee,Thinai (Italian Millet),Other,FAQ,2013-09-16,1307,1341,1324,116
Tamil Nadu,Villupuram,Gingee,Thinai (Italian Millet),Other,FAQ,2013-09-18,1276,1333,1305,116
Tamil Nadu,Villupuram,Gingee,Thinai (Italian Millet),Other,FAQ,2013-09-20,1013,1333,1173,116
Tamil Nadu,Villupuram,Gingee,Thinai (Italian Millet),Other,FAQ,2013-09-25,1006,1266,1136,116
Tamil Nadu,Villupuram,Gingee,Thinai (Italian Millet),Other,FAQ,2013-10-04,1029,1251,1231,116
Tamil Nadu,Villupuram,Gingee,Thinai (Italian Millet),Other,FAQ,2013-10-09,1069,1286,1178,116
Tamil Nadu,Villupuram,Gingee,Thinai (Italian Millet),Other,FAQ,2013-10-10,969,1069,1019,116
Tamil Nadu,Villupuram,Gingee,Thinai (Italian Millet),Other,FAQ,2013-11-19,1226,1226,1226,116
Tamil Nadu,Villupuram,Gingee,Thinai (Italian Millet),Other,FAQ,2013-11-20,919,919,919,116
Tamil Nadu,Villupuram,Gingee,Thinai (Italian Millet),Other,FAQ,2013-11-22,1239,1276,1258,116
Tamil Nadu,Villupuram,Gingee,Thinai (Italian Millet),Other,FAQ,2013-11-25,1269,1352,1311,116
Tamil Nadu,Villupuram,Gingee,Thinai (Italian Millet),Other,FAQ,2013-11-28,1166,1306,1236,116
Tamil Nadu,Villupuram,Gingee,Thinai (Italian Millet),Other,FAQ,2013-12-27,1247,1247,1247,116
Tamil Nadu,Villupuram,Kallakurichi,Thinai (Italian Millet),Other,FAQ,2013-06-28,799,799,799,116
Tamil Nadu,Villupuram,Kallakurichi,Thinai (Italian Millet),Other,FAQ,2013-07-12,1892,1892,1892,116
Tamil Nadu,Villupuram,Kallakurichi,Thinai (Italian Millet),Other,FAQ,2013-09-19,1492,1492,1492,116
Tamil Nadu,Villupuram,Thirukovilur,Thinai (Italian Millet),Other,FAQ,2013-01-08,1755,1770,1760,116
Tamil Nadu,Villupuram,Thirukovilur,Thinai (Italian Millet),Other,FAQ,2013-01-18,1600,1767,1700,116
Tamil Nadu,Villupuram,Thirukovilur,Thinai (Italian Millet),Other,FAQ,2013-04-02,957,957,957,116
Tamil Nadu,Villupuram,Thirukovilur,Thinai (Italian Millet),Other,FAQ,2013-07-26,1029,1029,1029,116
Tamil Nadu,Villupuram,Thirukovilur,Thinai (Italian Millet),Other,FAQ,2013-08-13,1469,1549,1509,116
Tamil Nadu,Villupuram,Thirukovilur,Thinai (Italian Millet),Other,FAQ,2013-08-21,1369,1379,1374,116
Tamil Nadu,Villupuram,Thirukovilur,Thinai (Italian Millet),Other,FAQ,2013-08-26,1269,1369,1360,116
Tamil Nadu,Villupuram,Thirukovilur,Thinai (Italian Millet),Other,FAQ,2013-09-05,1307,1339,1323,116
Tamil Nadu,Villupuram,Thirukovilur,Thinai (Italian Millet),Other,FAQ,2013-09-17,1397,1413,1409,116
Tamil Nadu,Villupuram,Thirukovilur,Thinai (Italian Millet),Other,FAQ,2013-09-30,1269,1309,1289,116
Tamil Nadu,Villupuram,Thirukovilur,Thinai (Italian Millet),Other,FAQ,2013-10-02,1199,1291,1279,116
Tamil Nadu,Villupuram,Thirukovilur,Thinai (Italian Millet),Other,FAQ,2013-10-04,1250,1307,1297,116
Tamil Nadu,Villupuram,Thirukovilur,Thinai (Italian Millet),Other,FAQ,2013-10-08,1199,1291,1279,116
Tamil Nadu,Villupuram,Thirukovilur,Thinai (Italian Millet),Other,FAQ,2013-10-17,1229,1309,1289,116
Tamil Nadu,Villupuram,Thirukovilur,Thinai (Italian Millet),Other,FAQ,2013-10-24,1290,1311,1309,116
Tamil Nadu,Villupuram,Thirukovilur,Thinai (Italian Millet),Other,FAQ,2013-10-25,1147,1269,1219,116
Tamil Nadu,Villupuram,Thirukovilur,Thinai (Italian Millet),Other,FAQ,2013-11-25,1449,1465,1457,116
Tamil Nadu,Villupuram,Thirukovilur,Thinai (Italian Millet),Other,FAQ,2013-11-26,1067,1453,1150,116
Tamil Nadu,Villupuram,Thirukovilur,Thinai (Italian Millet),Other,FAQ,2013-12-20,1225,1439,1421,116
Tamil Nadu,Villupuram,Thirukovilur,Thinai (Italian Millet),Other,FAQ,2013-12-23,1349,1450,1400,116
Tamil Nadu,Villupuram,Tindivanam,Thinai (Italian Millet),Other,FAQ,2013-01-02,1412,1512,1462,116
Tamil Nadu,Villupuram,Tindivanam,Thinai (Italian Millet),Other,FAQ,2013-01-04,1296,1520,1400,116
Tamil Nadu,Villupuram,Tindivanam,Thinai (Italian Millet),Other,FAQ,2013-01-24,1275,1315,1295,116
Tamil Nadu,Villupuram,Tindivanam,Thinai (Italian Millet),Other,FAQ,2013-05-06,1100,1139,1120,116
Tamil Nadu,Villupuram,Tindivanam,Thinai (Italian Millet),Other,FAQ,2013-05-13,1300,1450,1375,116
Tamil Nadu,Villupuram,Tindivanam,Thinai (Italian Millet),Other,FAQ,2013-05-16,900,1069,985,116
Tamil Nadu,Villupuram,Tindivanam,Thinai (Italian Millet),Other,FAQ,2013-05-27,1399,1399,1399,116
Tamil Nadu,Villupuram,Tindivanam,Thinai (Italian Millet),Other,FAQ,2013-05-30,1472,1472,1472,116
Tamil Nadu,Villupuram,Tindivanam,Thinai (Italian Millet),Other,FAQ,2013-06-03,1000,1359,1180,116
Tamil Nadu,Villupuram,Tindivanam,Thinai (Italian Millet),Other,FAQ,2013-06-04,1392,1409,1401,116
Tamil Nadu,Villupuram,Tindivanam,Thinai (Italian Millet),Other,FAQ,2013-06-10,1309,1419,1364,116
Tamil Nadu,Villupuram,Tindivanam,Thinai (Italian Millet),Other,FAQ,2013-06-17,1479,1479,1479,116
Tamil Nadu,Villupuram,Tindivanam,Thinai (Italian Millet),Other,FAQ,2013-07-18,1100,1522,1311,116
Tamil Nadu,Villupuram,Tindivanam,Thinai (Italian Millet),Other,FAQ,2013-09-11,1402,1426,1414,116
Tamil Nadu,Villupuram,Tindivanam,Thinai (Italian Millet),Other,FAQ,2013-09-12,1389,1396,1393,116
Tamil Nadu,Villupuram,Tindivanam,Thinai (Italian Millet),Other,FAQ,2013-10-03,1320,1336,1328,116
Tamil Nadu,Villupuram,Tindivanam,Thinai (Italian Millet),Other,FAQ,2013-10-08,1209,1282,1246,116
Tamil Nadu,Villupuram,Tindivanam,Thinai (Italian Millet),Other,FAQ,2013-10-10,1293,1313,1303,116
Tamil Nadu,Villupuram,Tindivanam,Thinai (Italian Millet),Other,FAQ,2013-10-30,1096,1337,1216,116
Tamil Nadu,Villupuram,Tindivanam,Thinai (Italian Millet),Other,FAQ,2013-11-19,1130,1216,1173,116
Tamil Nadu,Villupuram,Tindivanam,Thinai (Italian Millet),Other,FAQ,2013-12-20,1050,1220,1135,116
Tamil Nadu,Villupuram,Ulundurpettai,Thinai (Italian Millet),Other,FAQ,2013-01-11,1479,1580,1500,116
Tamil Nadu,Villupuram,Ulundurpettai,Thinai (Italian Millet),Other,FAQ,2013-01-30,1450,1450,1450,116
Tamil Nadu,Villupuram,Ulundurpettai,Thinai (Italian Millet),Other,FAQ,2013-02-04,1439,1469,1454,116
Tamil Nadu,Villupuram,Ulundurpettai,Thinai (Italian Millet),Other,FAQ,2013-03-18,1309,1309,1309,116
Tamil Nadu,Villupuram,Ulundurpettai,Thinai (Italian Millet),Other,FAQ,2013-03-19,1450,1450,1450,116
Tamil Nadu,Villupuram,Ulundurpettai,Thinai (Italian Millet),Other,FAQ,2013-05-14,1419,1419,1419,116
Tamil Nadu,Villupuram,Ulundurpettai,Thinai (Italian Millet),Other,FAQ,2013-06-05,1560,1683,1622,116
Tamil Nadu,Villupuram,Ulundurpettai,Thinai (Italian Millet),Other,FAQ,2013-08-01,1669,1669,1669,116
Tamil Nadu,Villupuram,Ulundurpettai,Thinai (Italian Millet),Other,FAQ,2013-09-03,1230,1230,1230,116
Tamil Nadu,Villupuram,Ulundurpettai,Thinai (Italian Millet),Other,FAQ,2013-09-18,1259,1340,1300,116
Tamil Nadu,Villupuram,Ulundurpettai,Thinai (Italian Millet),Other,FAQ,2013-09-25,1180,1297,1239,116
Tamil Nadu,Villupuram,Ulundurpettai,Thinai (Italian Millet),Other,FAQ,2013-10-31,1329,1349,1339,116
Tamil Nadu,Villupuram,Ulundurpettai,Thinai (Italian Millet),Other,FAQ,2013-11-18,1149,1269,1189,116
Tamil Nadu,Villupuram,Ulundurpettai,Thinai (Italian Millet),Other,FAQ,2013-12-03,1159,1159,1159,116
Tamil Nadu,Villupuram,Ulundurpettai,Thinai (Italian Millet),Other,FAQ,2013-12-16,1169,1331,1250,116
Tamil Nadu,Villupuram,Ulundurpettai,Thinai (Italian Millet),Other,FAQ,2013-12-26,1260,1310,1285,116
Tamil Nadu,Villupuram,Vikkiravandi,Thinai (Italian Millet),Other,FAQ,2013-10-15,1189,1339,1289,116
Tamil Nadu,Villupuram,Vikkiravandi,Thinai (Italian Millet),Other,FAQ,2013-10-17,919,1267,1189,116
Tamil Nadu,Villupuram,Vikkiravandi,Thinai (Italian Millet),Other,FAQ,2013-10-18,1200,1334,1267,116
Tamil Nadu,Villupuram,Vikkiravandi,Thinai (Italian Millet),Other,FAQ,2013-10-24,1189,1320,1269,116
Tamil Nadu,Villupuram,Villupuram,Thinai (Italian Millet),Other,FAQ,2013-01-04,1186,1669,1420,116
Tamil Nadu,Villupuram,Villupuram,Thinai (Italian Millet),Other,FAQ,2013-02-12,1404,1404,1404,116
Tamil Nadu,Villupuram,Villupuram,Thinai (Italian Millet),Other,FAQ,2013-02-22,1305,1305,1305,116
Tamil Nadu,Villupuram,Villupuram,Thinai (Italian Millet),Other,FAQ,2013-02-28,1275,1539,1469,116
Tamil Nadu,Villupuram,Villupuram,Thinai (Italian Millet),Other,FAQ,2013-03-05,1469,1602,1535,116
Tamil Nadu,Villupuram,Villupuram,Thinai (Italian Millet),Other,FAQ,2013-05-15,1305,1305,1305,116
Tamil Nadu,Villupuram,Villupuram,Thinai (Italian Millet),Other,FAQ,2013-05-28,1415,1539,1519,116
Tamil Nadu,Villupuram,Villupuram,Thinai (Italian Millet),Other,FAQ,2013-06-10,1609,1609,1609,116
Tamil Nadu,Villupuram,Villupuram,Thinai (Italian Millet),Other,FAQ,2013-06-11,1239,1305,1272,116
Tamil Nadu,Villupuram,Villupuram,Thinai (Italian Millet),Other,FAQ,2013-06-12,1569,1569,1569,116
Tamil Nadu,Villupuram,Villupuram,Thinai (Italian Millet),Other,FAQ,2013-06-17,1404,1404,1404,116
Tamil Nadu,Villupuram,Villupuram,Thinai (Italian Millet),Other,FAQ,2013-06-20,1456,1456,1456,116
Tamil Nadu,Villupuram,Villupuram,Thinai (Italian Millet),Other,FAQ,2013-06-27,1400,1400,1400,116
Tamil Nadu,Villupuram,Villupuram,Thinai (Italian Millet),Other,FAQ,2013-07-09,1556,1556,1556,116
Tamil Nadu,Villupuram,Villupuram,Thinai (Italian Millet),Other,FAQ,2013-08-19,1019,1019,1019,116
Tamil Nadu,Villupuram,Villupuram,Thinai (Italian Millet),Other,FAQ,2013-08-20,889,1430,1280,116
Tamil Nadu,Villupuram,Villupuram,Thinai (Italian Millet),Other,FAQ,2013-08-21,1223,1223,1223,116
Tamil Nadu,Villupuram,Villupuram,Thinai (Italian Millet),Other,FAQ,2013-08-23,909,1370,1367,116
Tamil Nadu,Villupuram,Villupuram,Thinai (Italian Millet),Other,FAQ,2013-08-27,1371,1396,1383,116
Tamil Nadu,Villupuram,Villupuram,Thinai (Italian Millet),Other,FAQ,2013-09-03,1296,1355,1326,116
Tamil Nadu,Villupuram,Villupuram,Thinai (Italian Millet),Other,FAQ,2013-09-05,1251,1375,1370,116
Tamil Nadu,Villupuram,Villupuram,Thinai (Italian Millet),Other,FAQ,2013-09-18,1139,1416,1355,116
Tamil Nadu,Villupuram,Villupuram,Thinai (Italian Millet),Other,FAQ,2013-09-24,1096,1343,1269,116
Tamil Nadu,Villupuram,Villupuram,Thinai (Italian Millet),Other,FAQ,2013-09-25,1089,1333,1282,116
Tamil Nadu,Villupuram,Villupuram,Thinai (Italian Millet),Other,FAQ,2013-10-04,1159,1359,1252,116
Tamil Nadu,Villupuram,Villupuram,Thinai (Italian Millet),Other,FAQ,2013-10-08,1096,1388,1269,116
Tamil Nadu,Villupuram,Villupuram,Thinai (Italian Millet),Other,FAQ,2013-10-25,950,1357,1259,116
Tamil Nadu,Villupuram,Villupuram,Thinai (Italian Millet),Other,FAQ,2013-10-31,989,1373,1350,116
Tamil Nadu,Villupuram,Villupuram,Thinai (Italian Millet),Other,FAQ,2013-11-01,896,1364,1269,116
Tamil Nadu,Villupuram,Villupuram,Thinai (Italian Millet),Other,FAQ,2013-11-11,1247,1373,1296,116
Tamil Nadu,Villupuram,Villupuram,Thinai (Italian Millet),Other,FAQ,2013-12-11,949,1353,1329,116
Tamil Nadu,Villupuram,Villupuram,Thinai (Italian Millet),Other,FAQ,2013-12-13,1340,1340,1340,116
Tamil Nadu,Villupuram,Villupuram,Thinai (Italian Millet),Other,FAQ,2013-12-23,1130,1130,1130,116
Tamil Nadu,Villupuram,Villupuram,Thinai (Italian Millet),Other,FAQ,2013-12-31,1363,1411,1389,116
Pondicherry,Pondicherry,Thattanchavady,Thinai (Italian Millet),Other,FAQ,2012-02-08,1610,1610,1610.0,116
Pondicherry,Pondicherry,Thattanchavady,Thinai (Italian Millet),Other,FAQ,2012-02-29,1818,1818,1818.0,116
Pondicherry,Pondicherry,Thattanchavady,Thinai (Italian Millet),Other,FAQ,2012-03-21,1988,2008,2000.0,116
Pondicherry,Pondicherry,Thattanchavady,Thinai (Italian Millet),Other,FAQ,2012-03-26,1964,1964,1964.0,116
Pondicherry,Pondicherry,Thattanchavady,Thinai (Italian Millet),Other,FAQ,2012-03-27,1801,1801,1801.0,116
Pondicherry,Pondicherry,Thattanchavady,Thinai (Italian Millet),Other,FAQ,2012-04-09,1912,1912,1912.0,116
Pondicherry,Pondicherry,Thattanchavady,Thinai (Italian Millet),Other,FAQ,2012-04-11,1769,1769,1769.0,116
Pondicherry,Pondicherry,Thattanchavady,Thinai (Italian Millet),Other,FAQ,2012-04-17,1790,1790,1790.0,116
Pondicherry,Pondicherry,Thattanchavady,Thinai (Italian Millet),Other,FAQ,2012-04-20,1876,1876,1876.0,116
Pondicherry,Pondicherry,Thattanchavady,Thinai (Italian Millet),Other,FAQ,2012-04-23,2012,2012,2012.0,116
Pondicherry,Pondicherry,Thattanchavady,Thinai (Italian Millet),Other,FAQ,2012-05-02,1922,1922,1922.0,116
Pondicherry,Pondicherry,Thattanchavady,Thinai (Italian Millet),Other,FAQ,2012-06-29,1773,1783,1783.0,116
Pondicherry,Pondicherry,Thattanchavady,Thinai (Italian Millet),Other,FAQ,2012-07-18,1749,1770,1770.0,116
Pondicherry,Pondicherry,Thattanchavady,Thinai (Italian Millet),Other,FAQ,2012-08-07,1825,1980,1980.0,116
Pondicherry,Pondicherry,Thattanchavady,Thinai (Italian Millet),Other,FAQ,2012-08-08,2016,2016,2016.0,116
Pondicherry,Pondicherry,Thattanchavady,Thinai (Italian Millet),Other,FAQ,2012-08-23,1892,1892,1892.0,116
Pondicherry,Pondicherry,Thattanchavady,Thinai (Italian Millet),Other,FAQ,2012-08-27,1819,1939,1939.0,116
Pondicherry,Pondicherry,Thattanchavady,Thinai (Italian Millet),Other,FAQ,2012-08-29,1890,1890,1890.0,116
Pondicherry,Pondicherry,Thattanchavady,Thinai (Italian Millet),Other,FAQ,2012-08-31,1849,1849,1849.0,116
Pondicherry,Pondicherry,Thattanchavady,Thinai (Italian Millet),Other,FAQ,2012-09-04,1833,1833,1833.0,116
Pondicherry,Pondicherry,Thattanchavady,Thinai (Italian Millet),Other,FAQ,2012-09-17,1823,1843,1843.0,116
Pondicherry,Pondicherry,Thattanchavady,Thinai (Italian Millet),Other,FAQ,2012-09-26,990,1730,1200.0,116
Pondicherry,Pondicherry,Thattanchavady,Thinai (Italian Millet),Other,FAQ,2012-10-12,1370,1673,1500.0,116
Pondicherry,Pondicherry,Thattanchavady,Thinai (Italian Millet),Other,FAQ,2012-10-17,1555,1713,1600.0,116
Pondicherry,Pondicherry,Thattanchavady,Thinai (Italian Millet),Other,FAQ,2012-11-15,1389,1670,1450.0,116
Pondicherry,Pondicherry,Thattanchavady,Thinai (Italian Millet),Other,FAQ,2012-11-22,1513,1771,1650.0,116
Pondicherry,Pondicherry,Thattanchavady,Thinai (Italian Millet),Other,FAQ,2012-11-30,1390,1659,1500.0,116
Pondicherry,Pondicherry,Thattanchavady,Thinai (Italian Millet),Other,FAQ,2012-12-31,1390,1390,1390.0,116
Tamil Nadu,Coimbatore,Karamadai,Thinai (Italian Millet),Other,FAQ,2012-01-19,1200,1250,1225.0,116
Tamil Nadu,Cuddalore,Kurinchipadi,Thinai (Italian Millet),Other,FAQ,2012-09-25,1769,1769,1769.0,116
Tamil Nadu,Cuddalore,Kurinchipadi,Thinai (Italian Millet),Other,FAQ,2012-10-09,1579,1579,1579.0,116
Tamil Nadu,Cuddalore,Panruti,Thinai (Italian Millet),Other,FAQ,2012-01-05,1340,1340,1340.0,116
Tamil Nadu,Cuddalore,Panruti,Thinai (Italian Millet),Other,FAQ,2012-02-13,2699,3399,3050.0,116
Tamil Nadu,Cuddalore,Panruti,Thinai (Italian Millet),Other,FAQ,2012-07-26,2129,2129,2129.0,116
Tamil Nadu,Cuddalore,Panruti,Thinai (Italian Millet),Other,FAQ,2012-08-28,2191,2191,2191.0,116
Tamil Nadu,Cuddalore,Panruti,Thinai (Italian Millet),Other,FAQ,2012-09-03,2039,2039,2039.0,116
Tamil Nadu,Cuddalore,Panruti,Thinai (Italian Millet),Other,FAQ,2012-10-01,1429,1562,1496.0,116
Tamil Nadu,Cuddalore,Panruti,Thinai (Italian Millet),Other,FAQ,2012-10-10,1450,1616,1533.0,116
Tamil Nadu,Cuddalore,Panruti,Thinai (Italian Millet),Other,FAQ,2012-10-18,1650,1700,1675.0,116
Tamil Nadu,Cuddalore,Panruti,Thinai (Italian Millet),Other,FAQ,2012-10-19,1329,1679,1504.0,116
Tamil Nadu,Cuddalore,Panruti,Thinai (Italian Millet),Other,FAQ,2012-11-06,1550,1650,1600.0,116
Tamil Nadu,Cuddalore,Panruti,Thinai (Italian Millet),Other,FAQ,2012-11-16,1519,1590,1555.0,116
Tamil Nadu,Cuddalore,Panruti,Thinai (Italian Millet),Other,FAQ,2012-11-26,1289,1589,1439.0,116
Tamil Nadu,Cuddalore,Panruti,Thinai (Italian Millet),Other,FAQ,2012-11-30,1403,1403,1403.0,116
Tamil Nadu,Cuddalore,Panruti,Thinai (Italian Millet),Other,FAQ,2012-12-19,1539,1539,1539.0,116
Tamil Nadu,Cuddalore,Virudhachalam,Thinai (Italian Millet),Other,FAQ,2012-01-25,1809,1891,1850.0,116
Tamil Nadu,Cuddalore,Virudhachalam,Thinai (Italian Millet),Other,FAQ,2012-10-31,1509,1559,1534.0,116
Tamil Nadu,Cuddalore,Virudhachalam,Thinai (Italian Millet),Other,FAQ,2012-11-06,1309,1646,1477.0,116
Tamil Nadu,Cuddalore,Virudhachalam,Thinai (Italian Millet),Other,FAQ,2012-11-07,1329,1672,1500.0,116
Tamil Nadu,Cuddalore,Virudhachalam,Thinai (Italian Millet),Other,FAQ,2012-12-18,1409,1740,1574.0,116
Tamil Nadu,Villupuram,Gingee,Thinai (Italian Millet),Other,FAQ,2012-01-05,810,1503,1493.0,116
Tamil Nadu,Villupuram,Gingee,Thinai (Italian Millet),Other,FAQ,2012-03-01,1320,1320,1320.0,116
Tamil Nadu,Villupuram,Gingee,Thinai (Italian Millet),Other,FAQ,2012-03-19,940,1740,1660.0,116
Tamil Nadu,Villupuram,Gingee,Thinai (Italian Millet),Other,FAQ,2012-04-11,999,999,999.0,116
Tamil Nadu,Villupuram,Gingee,Thinai (Italian Millet),Other,FAQ,2012-05-21,1788,1788,1788.0,116
Tamil Nadu,Villupuram,Gingee,Thinai (Italian Millet),Other,FAQ,2012-09-26,1787,1850,1818.0,116
Tamil Nadu,Villupuram,Gingee,Thinai (Italian Millet),Other,FAQ,2012-10-10,1516,1536,1526.0,116
Tamil Nadu,Villupuram,Gingee,Thinai (Italian Millet),Other,FAQ,2012-10-12,1369,1620,1490.0,116
Tamil Nadu,Villupuram,Gingee,Thinai (Italian Millet),Other,FAQ,2012-11-05,1429,1689,1550.0,116
Tamil Nadu,Villupuram,Gingee,Thinai (Italian Millet),Other,FAQ,2012-11-08,1046,1631,1335.0,116
Tamil Nadu,Villupuram,Gingee,Thinai (Italian Millet),Other,FAQ,2012-12-11,1339,1569,1454.0,116
Tamil Nadu,Villupuram,Gingee,Thinai (Italian Millet),Other,FAQ,2012-12-24,1169,1649,1400.0,116
Tamil Nadu,Villupuram,Kallakurichi,Thinai (Italian Millet),Other,FAQ,2012-08-03,1699,1699,1699.0,116
Tamil Nadu,Villupuram,Thirukovilur,Thinai (Italian Millet),Other,FAQ,2012-01-09,1311,1371,1351.0,116
Tamil Nadu,Villupuram,Thirukovilur,Thinai (Italian Millet),Other,FAQ,2012-03-02,1337,1337,1337.0,116
Tamil Nadu,Villupuram,Thirukovilur,Thinai (Italian Millet),Other,FAQ,2012-09-03,1929,1929,1929.0,116
Tamil Nadu,Villupuram,Thirukovilur,Thinai (Italian Millet),Other,FAQ,2012-09-18,2389,2389,2389.0,116
Tamil Nadu,Villupuram,Thirukovilur,Thinai (Italian Millet),Other,FAQ,2012-09-24,2165,2205,2185.0,116
Tamil Nadu,Villupuram,Thirukovilur,Thinai (Italian Millet),Other,FAQ,2012-09-25,2059,2069,2060.0,116
Tamil Nadu,Villupuram,Thirukovilur,Thinai (Italian Millet),Other,FAQ,2012-10-25,1217,1706,1461.0,116
Tamil Nadu,Villupuram,Thirukovilur,Thinai (Italian Millet),Other,FAQ,2012-10-30,1225,1729,1689.0,116
Tamil Nadu,Villupuram,Thirukovilur,Thinai (Italian Millet),Other,FAQ,2012-11-09,1637,1653,1652.0,116
Tamil Nadu,Villupuram,Thirukovilur,Thinai (Italian Millet),Other,FAQ,2012-11-19,1219,1237,1225.0,116
Tamil Nadu,Villupuram,Thirukovilur,Thinai (Italian Millet),Other,FAQ,2012-11-21,1399,1589,1569.0,116
Tamil Nadu,Villupuram,Thirukovilur,Thinai (Italian Millet),Other,FAQ,2012-11-23,1399,1589,1569.0,116
Tamil Nadu,Villupuram,Thirukovilur,Thinai (Italian Millet),Other,FAQ,2012-11-30,1535,1579,1577.0,116
Tamil Nadu,Villupuram,Thirukovilur,Thinai (Italian Millet),Other,FAQ,2012-12-13,1549,1720,1600.0,116
Tamil Nadu,Villupuram,Thirukovilur,Thinai (Italian Millet),Other,FAQ,2012-12-14,1205,1750,1719.0,116
Tamil Nadu,Villupuram,Thirukovilur,Thinai (Italian Millet),Other,FAQ,2012-12-19,1227,1498,1229.0,116
Tamil Nadu,Villupuram,Thirukovilur,Thinai (Italian Millet),Other,FAQ,2012-12-27,1689,1720,1710.0,116
Tamil Nadu,Villupuram,Tindivanam,Thinai (Italian Millet),Other,FAQ,2012-01-09,1169,1493,1439.0,116
Tamil Nadu,Villupuram,Tindivanam,Thinai (Italian Millet),Other,FAQ,2012-02-23,1678,1800,1688.0,116
Tamil Nadu,Villupuram,Tindivanam,Thinai (Italian Millet),Other,FAQ,2012-04-02,1530,1629,1629.0,116
Tamil Nadu,Villupuram,Tindivanam,Thinai (Italian Millet),Other,FAQ,2012-06-25,1629,1736,1729.0,116
Tamil Nadu,Villupuram,Tindivanam,Thinai (Italian Millet),Other,FAQ,2012-06-26,1676,1676,1676.0,116
Tamil Nadu,Villupuram,Tindivanam,Thinai (Italian Millet),Other,FAQ,2012-07-12,1850,1850,1850.0,116
Tamil Nadu,Villupuram,Tindivanam,Thinai (Italian Millet),Other,FAQ,2012-07-19,1569,1959,1820.0,116
Tamil Nadu,Villupuram,Tindivanam,Thinai (Italian Millet),Other,FAQ,2012-07-23,1939,1939,1939.0,116
Tamil Nadu,Villupuram,Tindivanam,Thinai (Italian Millet),Other,FAQ,2012-09-10,1769,1809,1800.0,116
Tamil Nadu,Villupuram,Tindivanam,Thinai (Italian Millet),Other,FAQ,2012-09-17,1962,1962,1962.0,116
Tamil Nadu,Villupuram,Tindivanam,Thinai (Italian Millet),Other,FAQ,2012-09-18,1929,1969,1959.0,116
Tamil Nadu,Villupuram,Tindivanam,Thinai (Italian Millet),Other,FAQ,2012-09-24,1739,2000,1869.0,116
Tamil Nadu,Villupuram,Tindivanam,Thinai (Italian Millet),Other,FAQ,2012-10-05,1520,1620,1596.0,116
Tamil Nadu,Villupuram,Tindivanam,Thinai (Italian Millet),Other,FAQ,2012-10-09,1556,1629,1621.0,116
Tamil Nadu,Villupuram,Tindivanam,Thinai (Italian Millet),Other,FAQ,2012-11-07,1529,1742,1672.0,116
Tamil Nadu,Villupuram,Tindivanam,Thinai (Italian Millet),Other,FAQ,2012-11-14,1019,1650,1450.0,116
Tamil Nadu,Villupuram,Tindivanam,Thinai (Italian Millet),Other,FAQ,2012-12-05,700,1572,1552.0,116
Tamil Nadu,Villupuram,Tindivanam,Thinai (Italian Millet),Other,FAQ,2012-12-06,1209,1562,1400.0,116
Tamil Nadu,Villupuram,Tindivanam,Thinai (Italian Millet),Other,FAQ,2012-12-10,1169,1575,1480.0,116
Tamil Nadu,Villupuram,Tindivanam,Thinai (Italian Millet),Other,FAQ,2012-12-11,1545,1555,1550.0,116
Tamil Nadu,Villupuram,Tindivanam,Thinai (Italian Millet),Other,FAQ,2012-12-12,1509,1576,1543.0,116
Tamil Nadu,Villupuram,Tindivanam,Thinai (Italian Millet),Other,FAQ,2012-12-17,1399,1549,1475.0,116
Tamil Nadu,Villupuram,Tindivanam,Thinai (Italian Millet),Other,FAQ,2012-12-24,1366,1539,1400.0,116
Tamil Nadu,Villupuram,Tindivanam,Thinai (Italian Millet),Other,FAQ,2012-12-27,1269,1430,1375.0,116
Tamil Nadu,Villupuram,Tindivanam,Thinai (Italian Millet),Other,FAQ,2012-12-28,1152,1432,1300.0,116
Tamil Nadu,Villupuram,Ulundurpettai,Thinai (Italian Millet),Other,FAQ,2012-06-26,1780,1780,1780.0,116
Tamil Nadu,Villupuram,Ulundurpettai,Thinai (Italian Millet),Other,FAQ,2012-08-28,1860,1860,1860.0,116
Tamil Nadu,Villupuram,Ulundurpettai,Thinai (Italian Millet),Other,FAQ,2012-09-04,2069,2069,2069.0,116
Tamil Nadu,Villupuram,Ulundurpettai,Thinai (Italian Millet),Other,FAQ,2012-09-25,1780,1810,1795.0,116
Tamil Nadu,Villupuram,Ulundurpettai,Thinai (Italian Millet),Other,FAQ,2012-10-10,1501,1630,1565.0,116
Tamil Nadu,Villupuram,Ulundurpettai,Thinai (Italian Millet),Other,FAQ,2012-10-17,1599,1780,1690.0,116
Tamil Nadu,Villupuram,Ulundurpettai,Thinai (Italian Millet),Other,FAQ,2012-11-05,1369,1649,1509.0,116
Tamil Nadu,Villupuram,Ulundurpettai,Thinai (Italian Millet),Other,FAQ,2012-11-21,1363,1659,1511.0,116
Tamil Nadu,Villupuram,Ulundurpettai,Thinai (Italian Millet),Other,FAQ,2012-12-24,1619,1779,1699.0,116
Tamil Nadu,Villupuram,Vikkiravandi,Thinai (Italian Millet),Other,FAQ,2012-09-13,1750,1750,1750.0,116
Tamil Nadu,Villupuram,Vikkiravandi,Thinai (Italian Millet),Other,FAQ,2012-10-09,1624,1645,1641.0,116
Tamil Nadu,Villupuram,Vikkiravandi,Thinai (Italian Millet),Other,FAQ,2012-10-11,1539,1663,1629.0,116
Tamil Nadu,Villupuram,Vikkiravandi,Thinai (Italian Millet),Other,FAQ,2012-11-05,1589,1626,1611.0,116
Tamil Nadu,Villupuram,Villupuram,Thinai (Italian Millet),Other,FAQ,2012-02-20,1516,1601,1570.0,116
Tamil Nadu,Villupuram,Villupuram,Thinai (Italian Millet),Other,FAQ,2012-03-01,1539,1569,1550.0,116
Tamil Nadu,Villupuram,Villupuram,Thinai (Italian Millet),Other,FAQ,2012-03-06,1616,1616,1616.0,116
Tamil Nadu,Villupuram,Villupuram,Thinai (Italian Millet),Other,FAQ,2012-03-19,1070,1643,1559.0,116
Tamil Nadu,Villupuram,Villupuram,Thinai (Italian Millet),Other,FAQ,2012-04-17,1753,1753,1753.0,116
Tamil Nadu,Villupuram,Villupuram,Thinai (Italian Millet),Other,FAQ,2012-05-08,1825,1825,1825.0,116
Tamil Nadu,Villupuram,Villupuram,Thinai (Italian Millet),Other,FAQ,2012-05-28,2079,2079,2079.0,116
Tamil Nadu,Villupuram,Villupuram,Thinai (Italian Millet),Other,FAQ,2012-07-26,2169,2169,2169.0,116
Tamil Nadu,Villupuram,Villupuram,Thinai (Italian Millet),Other,FAQ,2012-08-01,1651,1651,1651.0,116
Tamil Nadu,Villupuram,Villupuram,Thinai (Italian Millet),Other,FAQ,2012-08-17,1396,1396,1396.0,116
Tamil Nadu,Villupuram,Villupuram,Thinai (Italian Millet),Other,FAQ,2012-09-25,1187,1889,1538.0,116
Tamil Nadu,Villupuram,Villupuram,Thinai (Italian Millet),Other,FAQ,2012-09-27,1742,1855,1840.0,116
Tamil Nadu,Villupuram,Villupuram,Thinai (Italian Millet),Other,FAQ,2012-09-28,1661,1863,1825.0,116
Tamil Nadu,Villupuram,Villupuram,Thinai (Italian Millet),Other,FAQ,2012-10-04,1500,1787,1700.0,116
Tamil Nadu,Villupuram,Villupuram,Thinai (Italian Millet),Other,FAQ,2012-10-12,1230,1746,1701.0,116
Tamil Nadu,Villupuram,Villupuram,Thinai (Italian Millet),Other,FAQ,2012-10-27,1389,1764,1764.0,116
Tamil Nadu,Villupuram,Villupuram,Thinai (Italian Millet),Other,FAQ,2012-10-29,1209,1789,1730.0,116
Tamil Nadu,Villupuram,Villupuram,Thinai (Italian Millet),Other,FAQ,2012-11-01,1442,1442,1442.0,116
Tamil Nadu,Villupuram,Villupuram,Thinai (Italian Millet),Other,FAQ,2012-11-02,1109,1709,1533.0,116
Tamil Nadu,Villupuram,Villupuram,Thinai (Italian Millet),Other,FAQ,2012-11-14,1179,1594,1551.0,116
Tamil Nadu,Villupuram,Villupuram,Thinai (Italian Millet),Other,FAQ,2012-11-15,1487,1607,1569.0,116
Tamil Nadu,Villupuram,Villupuram,Thinai (Italian Millet),Other,FAQ,2012-12-11,1669,1669,1669.0,116
Tamil Nadu,Villupuram,Villupuram,Thinai (Italian Millet),Other,FAQ,2012-12-12,1169,1670,1600.0,116
Tamil Nadu,Villupuram,Villupuram,Thinai (Italian Millet),Other,FAQ,2012-12-28,1139,1689,1414.0,116
Tamil Nadu,Villupuram,Villupuram,Thinai (Italian Millet),Other,FAQ,2012-12-31,1660,1660,1660.0,116
Pondicherry,Pondicherry,Madagadipet,Thinai (Italian Millet),Other,FAQ,2016-09-29,1541,1541,1541,116
Pondicherry,Pondicherry,Madagadipet,Thinai (Italian Millet),Other,FAQ,2016-11-08,1171,1325,1248,116
Pondicherry,Pondicherry,Madagadipet,Thinai (Italian Millet),Other,FAQ,2016-12-02,1700,1700,1700,116
Pondicherry,Pondicherry,Thattanchavady,Thinai (Italian Millet),Other,FAQ,2016-01-05,2197,2200,2198,116
Pondicherry,Pondicherry,Thattanchavady,Thinai (Italian Millet),Other,FAQ,2016-02-01,2179,2179,2179,116
Pondicherry,Pondicherry,Thattanchavady,Thinai (Italian Millet),Other,FAQ,2016-02-17,2169,2350,2259,116
Pondicherry,Pondicherry,Thattanchavady,Thinai (Italian Millet),Other,FAQ,2016-02-23,2290,2290,2290,116
Pondicherry,Pondicherry,Thattanchavady,Thinai (Italian Millet),Other,FAQ,2016-03-03,2207,2207,2207,116
Pondicherry,Pondicherry,Thattanchavady,Thinai (Italian Millet),Other,FAQ,2016-03-18,2197,2197,2197,116
Pondicherry,Pondicherry,Thattanchavady,Thinai (Italian Millet),Other,FAQ,2016-04-06,1615,2071,1843,116
Pondicherry,Pondicherry,Thattanchavady,Thinai (Italian Millet),Other,FAQ,2016-05-06,2189,2189,2189,116
Pondicherry,Pondicherry,Thattanchavady,Thinai (Italian Millet),Other,FAQ,2016-06-01,1597,1917,1757,116
Pondicherry,Pondicherry,Thattanchavady,Thinai (Italian Millet),Other,FAQ,2016-06-02,1647,1747,1697,116
Pondicherry,Pondicherry,Thattanchavady,Thinai (Italian Millet),Other,FAQ,2016-06-06,1717,1717,1717,116
Pondicherry,Pondicherry,Thattanchavady,Thinai (Italian Millet),Other,FAQ,2016-06-13,1829,1829,1829,116
Pondicherry,Pondicherry,Thattanchavady,Thinai (Italian Millet),Other,FAQ,2016-06-17,1897,1897,1897,116
Pondicherry,Pondicherry,Thattanchavady,Thinai (Italian Millet),Other,FAQ,2016-06-29,1597,1597,1597,116
Pondicherry,Pondicherry,Thattanchavady,Thinai (Italian Millet),Other,FAQ,2016-07-11,1659,1739,1699,116
Pondicherry,Pondicherry,Thattanchavady,Thinai (Italian Millet),Other,FAQ,2016-08-23,1387,1557,1472,116
Pondicherry,Pondicherry,Thattanchavady,Thinai (Italian Millet),Other,FAQ,2016-09-22,1197,1597,1397,116
Pondicherry,Pondicherry,Thattanchavady,Thinai (Italian Millet),Other,FAQ,2016-10-07,1397,1397,1397,116
Pondicherry,Pondicherry,Thattanchavady,Thinai (Italian Millet),Other,FAQ,2016-10-13,1309,1622,1465,116
Pondicherry,Pondicherry,Thattanchavady,Thinai (Italian Millet),Other,FAQ,2016-11-07,1197,1517,1357,116
Pondicherry,Pondicherry,Thattanchavady,Thinai (Italian Millet),Other,FAQ,2016-11-14,1387,1520,1453,116
Pondicherry,Pondicherry,Thattanchavady,Thinai (Italian Millet),Other,FAQ,2016-11-21,1537,1637,1587,116
Pondicherry,Pondicherry,Thattanchavady,Thinai (Italian Millet),Other,FAQ,2016-11-24,1603,1603,1603,116
Pondicherry,Pondicherry,Thattanchavady,Thinai (Italian Millet),Other,FAQ,2016-11-28,1549,1559,1554,116
Pondicherry,Pondicherry,Thattanchavady,Thinai (Italian Millet),Other,FAQ,2016-12-19,1729,1860,1794,116
Pondicherry,Pondicherry,Thattanchavady,Thinai (Italian Millet),Other,FAQ,2016-12-22,1409,1854,1631,116
Pondicherry,Pondicherry,Thattanchavady,Thinai (Italian Millet),Other,FAQ,2016-12-27,1737,1797,1767,116
Tamil Nadu,Cuddalore,Cuddalore,Thinai (Italian Millet),Other,FAQ,2016-10-05,1311,1311,1311,116
Tamil Nadu,Cuddalore,Kurinchipadi,Thinai (Italian Millet),Other,FAQ,2016-06-03,1728,1730,1729,116
Tamil Nadu,Cuddalore,Kurinchipadi,Thinai (Italian Millet),Other,FAQ,2016-07-19,1617,1619,1618,116
Tamil Nadu,Cuddalore,Kurinchipadi,Thinai (Italian Millet),Other,FAQ,2016-10-06,1439,1539,1489,116
Tamil Nadu,Cuddalore,Kurinchipadi,Thinai (Italian Millet),Other,FAQ,2016-11-04,1507,1509,1508,116
Tamil Nadu,Cuddalore,Kurinchipadi,Thinai (Italian Millet),Other,FAQ,2016-11-22,1350,1409,1400,116
Tamil Nadu,Cuddalore,Panruti,Thinai (Italian Millet),Other,FAQ,2016-01-07,2009,2019,2019,116
Tamil Nadu,Cuddalore,Panruti,Thinai (Italian Millet),Other,FAQ,2016-04-27,2301,2301,2301,116
Tamil Nadu,Cuddalore,Panruti,Thinai (Italian Millet),Other,FAQ,2016-05-25,2099,2101,2100,116
Tamil Nadu,Cuddalore,Panruti,Thinai (Italian Millet),Other,FAQ,2016-09-06,1309,1465,1369,116
Tamil Nadu,Cuddalore,Panruti,Thinai (Italian Millet),Other,FAQ,2016-09-12,1351,1539,1409,116
Tamil Nadu,Cuddalore,Panruti,Thinai (Italian Millet),Other,FAQ,2016-10-05,1560,1645,1625,116
Tamil Nadu,Cuddalore,Panruti,Thinai (Italian Millet),Other,FAQ,2016-10-13,1529,1622,1589,116
Tamil Nadu,Cuddalore,Panruti,Thinai (Italian Millet),Other,FAQ,2016-10-14,1544,1546,1545,116
Tamil Nadu,Cuddalore,Panruti,Thinai (Italian Millet),Other,FAQ,2016-10-21,1531,1569,1551,116
Tamil Nadu,Cuddalore,Panruti,Thinai (Italian Millet),Other,FAQ,2016-10-25,1259,1380,1310,116
Tamil Nadu,Cuddalore,Panruti,Thinai (Italian Millet),Other,FAQ,2016-11-02,1580,1582,1581,116
Tamil Nadu,Cuddalore,Panruti,Thinai (Italian Millet),Other,FAQ,2016-12-19,1797,1799,1798,116
Tamil Nadu,Cuddalore,Panruti,Thinai (Italian Millet),Other,FAQ,2016-12-28,1827,1829,1828,116
Tamil Nadu,Cuddalore,Virudhachalam,Thinai (Italian Millet),Other,FAQ,2016-04-22,2209,2209,2209,116
Tamil Nadu,Cuddalore,Virudhachalam,Thinai (Italian Millet),Other,FAQ,2016-04-29,2309,2629,2469,116
Tamil Nadu,Cuddalore,Virudhachalam,Thinai (Italian Millet),Other,FAQ,2016-05-23,2189,2239,2209,116
Tamil Nadu,Cuddalore,Virudhachalam,Thinai (Italian Millet),Other,FAQ,2016-05-24,1529,2089,2019,116
Tamil Nadu,Cuddalore,Virudhachalam,Thinai (Italian Millet),Other,FAQ,2016-05-25,1801,2200,2000,116
Tamil Nadu,Cuddalore,Virudhachalam,Thinai (Italian Millet),Other,FAQ,2016-06-08,1709,1709,1709,116
Tamil Nadu,Cuddalore,Virudhachalam,Thinai (Italian Millet),Other,FAQ,2016-06-29,1469,1731,1600,116
Tamil Nadu,Cuddalore,Virudhachalam,Thinai (Italian Millet),Other,FAQ,2016-08-11,1787,1789,1788,116
Tamil Nadu,Cuddalore,Virudhachalam,Thinai (Italian Millet),Other,FAQ,2016-09-09,1369,1505,1402,116
Tamil Nadu,Cuddalore,Virudhachalam,Thinai (Italian Millet),Other,FAQ,2016-09-23,1390,1511,1479,116
Tamil Nadu,Cuddalore,Virudhachalam,Thinai (Italian Millet),Other,FAQ,2016-09-26,1445,1526,1521,116
Tamil Nadu,Cuddalore,Virudhachalam,Thinai (Italian Millet),Other,FAQ,2016-10-03,1558,1649,1639,116
Tamil Nadu,Cuddalore,Virudhachalam,Thinai (Italian Millet),Other,FAQ,2016-10-14,1549,1659,1629,116
Tamil Nadu,Cuddalore,Virudhachalam,Thinai (Italian Millet),Other,FAQ,2016-10-21,1396,1569,1519,116
Tamil Nadu,Villupuram,Gingee,Thinai (Italian Millet),Other,FAQ,2016-01-05,2133,2133,2133,116
Tamil Nadu,Villupuram,Gingee,Thinai (Italian Millet),Other,FAQ,2016-01-06,1389,2180,2150,116
Tamil Nadu,Villupuram,Gingee,Thinai (Italian Millet),Other,FAQ,2016-01-11,1939,2104,1999,116
Tamil Nadu,Villupuram,Gingee,Thinai (Italian Millet),Other,FAQ,2016-01-27,1429,2069,1749,116
Tamil Nadu,Villupuram,Gingee,Thinai (Italian Millet),Other,FAQ,2016-02-15,2114,2133,2124,116
Tamil Nadu,Villupuram,Gingee,Thinai (Italian Millet),Other,FAQ,2016-03-03,2013,2013,2013,116
Tamil Nadu,Villupuram,Gingee,Thinai (Italian Millet),Other,FAQ,2016-06-17,1611,1611,1611,116
Tamil Nadu,Villupuram,Gingee,Thinai (Italian Millet),Other,FAQ,2016-07-18,1809,1809,1809,116
Tamil Nadu,Villupuram,Gingee,Thinai (Italian Millet),Other,FAQ,2016-08-03,1652,1652,1652,116
Tamil Nadu,Villupuram,Gingee,Thinai (Italian Millet),Other,FAQ,2016-08-17,1705,1705,1705,116
Tamil Nadu,Villupuram,Gingee,Thinai (Italian Millet),Other,FAQ,2016-09-06,1483,1483,1483,116
Tamil Nadu,Villupuram,Gingee,Thinai (Italian Millet),Other,FAQ,2016-09-12,1169,1480,1169,116
Tamil Nadu,Villupuram,Gingee,Thinai (Italian Millet),Other,FAQ,2016-09-28,1517,1525,1520,116
Tamil Nadu,Villupuram,Gingee,Thinai (Italian Millet),Other,FAQ,2016-10-27,1369,1584,1477,116
Tamil Nadu,Villupuram,Gingee,Thinai (Italian Millet),Other,FAQ,2016-10-31,1401,1561,1560,116
Tamil Nadu,Villupuram,Gingee,Thinai (Italian Millet),Other,FAQ,2016-11-14,1592,1592,1592,116
Tamil Nadu,Villupuram,Gingee,Thinai (Italian Millet),Other,FAQ,2016-12-26,1809,1809,1809,116
Tamil Nadu,Villupuram,Gingee,Thinai (Italian Millet),Other,FAQ,2016-12-30,1759,1779,1769,116
Tamil Nadu,Villupuram,Sangarapuram,Thinai (Italian Millet),Other,FAQ,2016-06-07,1630,1630,1630,116
Tamil Nadu,Villupuram,Thirukovilur,Thinai (Italian Millet),Other,FAQ,2016-01-21,2169,2360,2300,116
Tamil Nadu,Villupuram,Thirukovilur,Thinai (Italian Millet),Other,FAQ,2016-01-29,2077,2177,2127,116
Tamil Nadu,Villupuram,Thirukovilur,Thinai (Italian Millet),Other,FAQ,2016-02-29,2089,2089,2089,116
Tamil Nadu,Villupuram,Thirukovilur,Thinai (Italian Millet),Other,FAQ,2016-04-20,2629,2629,2629,116
Tamil Nadu,Villupuram,Thirukovilur,Thinai (Italian Millet),Other,FAQ,2016-05-06,1167,1167,1167,116
Tamil Nadu,Villupuram,Thirukovilur,Thinai (Italian Millet),Other,FAQ,2016-05-31,2036,2036,2036,116
Tamil Nadu,Villupuram,Thirukovilur,Thinai (Italian Millet),Other,FAQ,2016-06-20,2199,2199,2199,116
Tamil Nadu,Villupuram,Thirukovilur,Thinai (Italian Millet),Other,FAQ,2016-08-17,1485,1715,1600,116
Tamil Nadu,Villupuram,Thirukovilur,Thinai (Italian Millet),Other,FAQ,2016-08-18,1489,1662,1576,116
Tamil Nadu,Villupuram,Thirukovilur,Thinai (Italian Millet),Other,FAQ,2016-08-19,1509,1669,1589,116
Tamil Nadu,Villupuram,Thirukovilur,Thinai (Italian Millet),Other,FAQ,2016-08-29,1001,1619,1309,116
Tamil Nadu,Villupuram,Thirukovilur,Thinai (Italian Millet),Other,FAQ,2016-09-02,989,1592,1291,116
Tamil Nadu,Villupuram,Thirukovilur,Thinai (Italian Millet),Other,FAQ,2016-09-19,1707,1769,1723,116
Tamil Nadu,Villupuram,Thirukovilur,Thinai (Italian Millet),Other,FAQ,2016-09-23,1500,1602,1551,116
Tamil Nadu,Villupuram,Thirukovilur,Thinai (Italian Millet),Other,FAQ,2016-09-29,1208,1640,1409,116
Tamil Nadu,Villupuram,Thirukovilur,Thinai (Italian Millet),Other,FAQ,2016-10-07,1350,1773,1500,116
Tamil Nadu,Villupuram,Thirukovilur,Thinai (Italian Millet),Other,FAQ,2016-10-13,1330,1719,1525,116
Tamil Nadu,Villupuram,Thirukovilur,Thinai (Italian Millet),Other,FAQ,2016-10-18,1510,1720,1615,116
Tamil Nadu,Villupuram,Thirukovilur,Thinai (Italian Millet),Other,FAQ,2016-10-20,1489,1629,1559,116
Tamil Nadu,Villupuram,Thirukovilur,Thinai (Italian Millet),Other,FAQ,2016-10-31,1381,1669,1525,116
Tamil Nadu,Villupuram,Thirukovilur,Thinai (Italian Millet),Other,FAQ,2016-11-08,1439,1756,1598,116
Tamil Nadu,Villupuram,Thirukovilur,Thinai (Italian Millet),Other,FAQ,2016-12-19,1669,1786,1728,116
Tamil Nadu,Villupuram,Thirukovilur,Thinai (Italian Millet),Other,FAQ,2016-12-22,1393,1779,1586,116
Tamil Nadu,Villupuram,Thirukovilur,Thinai (Italian Millet),Other,FAQ,2016-12-23,1271,1789,1530,116
Tamil Nadu,Villupuram,Tindivanam,Thinai (Italian Millet),Other,FAQ,2016-01-08,1469,2275,1872,116
Tamil Nadu,Villupuram,Tindivanam,Thinai (Italian Millet),Other,FAQ,2016-02-05,2159,2191,2174,116
Tamil Nadu,Villupuram,Tindivanam,Thinai (Italian Millet),Other,FAQ,2016-03-22,2169,2169,2169,116
Tamil Nadu,Villupuram,Tindivanam,Thinai (Italian Millet),Other,FAQ,2016-04-29,1970,2319,2319,116
Tamil Nadu,Villupuram,Tindivanam,Thinai (Italian Millet),Other,FAQ,2016-06-30,1592,1629,1611,116
Tamil Nadu,Villupuram,Tindivanam,Thinai (Italian Millet),Other,FAQ,2016-07-01,1529,1610,1570,116
Tamil Nadu,Villupuram,Tindivanam,Thinai (Italian Millet),Other,FAQ,2016-07-08,2839,2839,2839,116
Tamil Nadu,Villupuram,Tindivanam,Thinai (Italian Millet),Other,FAQ,2016-08-05,1739,1859,1800,116
Tamil Nadu,Villupuram,Tindivanam,Thinai (Italian Millet),Other,FAQ,2016-08-09,1609,1670,1640,116
Tamil Nadu,Villupuram,Tindivanam,Thinai (Italian Millet),Other,FAQ,2016-08-22,1550,1620,1620,116
Tamil Nadu,Villupuram,Tindivanam,Thinai (Italian Millet),Other,FAQ,2016-09-01,1299,1399,1301,116
Tamil Nadu,Villupuram,Tindivanam,Thinai (Italian Millet),Other,FAQ,2016-09-08,1159,1500,1433,116
Tamil Nadu,Villupuram,Tindivanam,Thinai (Italian Millet),Other,FAQ,2016-09-22,1460,1472,1469,116
Tamil Nadu,Villupuram,Tindivanam,Thinai (Italian Millet),Other,FAQ,2016-10-07,1600,1620,1610,116
Tamil Nadu,Villupuram,Tindivanam,Thinai (Italian Millet),Other,FAQ,2016-10-17,1500,1619,1579,116
Tamil Nadu,Villupuram,Tindivanam,Thinai (Italian Millet),Other,FAQ,2016-10-27,1599,1609,1609,116
Tamil Nadu,Villupuram,Tindivanam,Thinai (Italian Millet),Other,FAQ,2016-11-03,1580,1580,1580,116
Tamil Nadu,Villupuram,Tindivanam,Thinai (Italian Millet),Other,FAQ,2016-11-08,1399,1399,1399,116
Tamil Nadu,Villupuram,Tindivanam,Thinai (Italian Millet),Other,FAQ,2016-11-11,1582,1582,1582,116
Tamil Nadu,Villupuram,Tindivanam,Thinai (Italian Millet),Other,FAQ,2016-11-17,1210,1210,1210,116
Tamil Nadu,Villupuram,Tindivanam,Thinai (Italian Millet),Other,FAQ,2016-12-28,1460,1710,1710,116
Tamil Nadu,Villupuram,Ulundurpettai,Thinai (Italian Millet),Other,FAQ,2016-04-20,2090,2240,2160,116
Tamil Nadu,Villupuram,Ulundurpettai,Thinai (Italian Millet),Other,FAQ,2016-08-26,1440,1495,1450,116
Tamil Nadu,Villupuram,Ulundurpettai,Thinai (Italian Millet),Other,FAQ,2016-09-15,1389,1541,1419,116
Tamil Nadu,Villupuram,Ulundurpettai,Thinai (Italian Millet),Other,FAQ,2016-09-20,1369,1369,1369,116
Tamil Nadu,Villupuram,Ulundurpettai,Thinai (Italian Millet),Other,FAQ,2016-09-27,1469,1659,1619,116
Tamil Nadu,Villupuram,Ulundurpettai,Thinai (Italian Millet),Other,FAQ,2016-10-06,1631,1745,1739,116
Tamil Nadu,Villupuram,Ulundurpettai,Thinai (Italian Millet),Other,FAQ,2016-10-17,1639,1673,1656,116
Tamil Nadu,Villupuram,Ulundurpettai,Thinai (Italian Millet),Other,FAQ,2016-10-20,3769,3879,3829,116
Tamil Nadu,Villupuram,Ulundurpettai,Thinai (Italian Millet),Other,FAQ,2016-10-21,1589,1629,1593,116
Tamil Nadu,Villupuram,Ulundurpettai,Thinai (Italian Millet),Other,FAQ,2016-10-27,1595,1629,1595,116
Tamil Nadu,Villupuram,Ulundurpettai,Thinai (Italian Millet),Other,FAQ,2016-11-01,1570,1635,1612,116
Tamil Nadu,Villupuram,Ulundurpettai,Thinai (Italian Millet),Other,FAQ,2016-11-02,1600,1692,1612,116
Tamil Nadu,Villupuram,Ulundurpettai,Thinai (Italian Millet),Other,FAQ,2016-11-07,1689,1689,1689,116
Tamil Nadu,Villupuram,Ulundurpettai,Thinai (Italian Millet),Other,FAQ,2016-12-19,1899,1949,1929,116
Tamil Nadu,Villupuram,Vikkiravandi,Thinai (Italian Millet),Other,FAQ,2016-03-11,2029,2029,2029,116
Tamil Nadu,Villupuram,Vikkiravandi,Thinai (Italian Millet),Other,FAQ,2016-03-17,1640,1640,1640,116
Tamil Nadu,Villupuram,Vikkiravandi,Thinai (Italian Millet),Other,FAQ,2016-03-28,1869,1869,1869,116
Tamil Nadu,Villupuram,Vikkiravandi,Thinai (Italian Millet),Other,FAQ,2016-04-04,1410,2000,1640,116
Tamil Nadu,Villupuram,Vikkiravandi,Thinai (Italian Millet),Other,FAQ,2016-06-27,6695,6695,6695,116
Tamil Nadu,Villupuram,Vikkiravandi,Thinai (Italian Millet),Other,FAQ,2016-07-05,1430,1430,1430,116
Tamil Nadu,Villupuram,Vikkiravandi,Thinai (Italian Millet),Other,FAQ,2016-07-14,1570,1570,1570,116
Tamil Nadu,Villupuram,Vikkiravandi,Thinai (Italian Millet),Other,FAQ,2016-07-15,1674,1674,1674,116
Tamil Nadu,Villupuram,Vikkiravandi,Thinai (Italian Millet),Other,FAQ,2016-07-21,1410,1410,1410,116
Tamil Nadu,Villupuram,Vikkiravandi,Thinai (Italian Millet),Other,FAQ,2016-08-03,1674,1674,1674,116
Tamil Nadu,Villupuram,Vikkiravandi,Thinai (Italian Millet),Other,FAQ,2016-08-17,1359,1559,1447,116
Tamil Nadu,Villupuram,Vikkiravandi,Thinai (Italian Millet),Other,FAQ,2016-08-31,1103,1520,1517,116
Tamil Nadu,Villupuram,Vikkiravandi,Thinai (Italian Millet),Other,FAQ,2016-09-02,1296,1538,1521,116
Tamil Nadu,Villupuram,Vikkiravandi,Thinai (Italian Millet),Other,FAQ,2016-09-22,1361,1451,1429,116
Tamil Nadu,Villupuram,Vikkiravandi,Thinai (Italian Millet),Other,FAQ,2016-09-23,1396,1509,1496,116
Tamil Nadu,Villupuram,Vikkiravandi,Thinai (Italian Millet),Other,FAQ,2016-10-17,1329,1612,1517,116
Tamil Nadu,Villupuram,Vikkiravandi,Thinai (Italian Millet),Other,FAQ,2016-10-21,1483,1574,1503,116
Tamil Nadu,Villupuram,Vikkiravandi,Thinai (Italian Millet),Other,FAQ,2016-10-25,1550,1568,1556,116
Tamil Nadu,Villupuram,Vikkiravandi,Thinai (Italian Millet),Other,FAQ,2016-11-02,1567,1567,1567,116
Tamil Nadu,Villupuram,Vikkiravandi,Thinai (Italian Millet),Other,FAQ,2016-11-14,1330,1654,1640,116
Tamil Nadu,Villupuram,Vikkiravandi,Thinai (Italian Millet),Other,FAQ,2016-11-21,1369,1739,1669,116
Tamil Nadu,Villupuram,Vikkiravandi,Thinai (Italian Millet),Other,FAQ,2016-12-12,1545,1585,1572,116
Tamil Nadu,Villupuram,Vikkiravandi,Thinai (Italian Millet),Other,FAQ,2016-12-15,1839,1920,1910,116
Tamil Nadu,Villupuram,Vikkiravandi,Thinai (Italian Millet),Other,FAQ,2016-12-16,1804,1904,1813,116
Tamil Nadu,Villupuram,Vikkiravandi,Thinai (Italian Millet),Other,FAQ,2016-12-20,1405,1877,1859,116
Tamil Nadu,Villupuram,Vikkiravandi,Thinai (Italian Millet),Other,FAQ,2016-12-21,1405,1911,1884,116
Tamil Nadu,Villupuram,Villupuram,Thinai (Italian Millet),Other,FAQ,2016-01-29,2129,2189,2139,116
Tamil Nadu,Villupuram,Villupuram,Thinai (Italian Millet),Other,FAQ,2016-02-19,1630,2139,1952,116
Tamil Nadu,Villupuram,Villupuram,Thinai (Italian Millet),Other,FAQ,2016-02-22,2079,2150,2139,116
Tamil Nadu,Villupuram,Villupuram,Thinai (Italian Millet),Other,FAQ,2016-03-03,1489,2219,2139,116
Tamil Nadu,Villupuram,Villupuram,Thinai (Italian Millet),Other,FAQ,2016-03-16,2003,2099,2052,116
Tamil Nadu,Villupuram,Villupuram,Thinai (Italian Millet),Other,FAQ,2016-04-05,1960,2180,2040,116
Tamil Nadu,Villupuram,Villupuram,Thinai (Italian Millet),Other,FAQ,2016-04-06,2189,2219,2200,116
Tamil Nadu,Villupuram,Villupuram,Thinai (Italian Millet),Other,FAQ,2016-05-06,2159,2189,2169,116
Tamil Nadu,Villupuram,Villupuram,Thinai (Italian Millet),Other,FAQ,2016-05-11,2160,2160,2160,116
Tamil Nadu,Villupuram,Villupuram,Thinai (Italian Millet),Other,FAQ,2016-05-27,1620,1620,1620,116
Tamil Nadu,Villupuram,Villupuram,Thinai (Italian Millet),Other,FAQ,2016-06-22,1350,1350,1350,116
Tamil Nadu,Villupuram,Villupuram,Thinai (Italian Millet),Other,FAQ,2016-06-27,2009,2018,2014,116
Tamil Nadu,Villupuram,Villupuram,Thinai (Italian Millet),Other,FAQ,2016-08-09,1309,1618,1459,116
Tamil Nadu,Villupuram,Villupuram,Thinai (Italian Millet),Other,FAQ,2016-08-16,1469,1710,1579,116
Tamil Nadu,Villupuram,Villupuram,Thinai (Italian Millet),Other,FAQ,2016-08-22,1530,1585,1575,116
Tamil Nadu,Villupuram,Villupuram,Thinai (Italian Millet),Other,FAQ,2016-08-23,1380,1585,1480,116
Tamil Nadu,Villupuram,Villupuram,Thinai (Italian Millet),Other,FAQ,2016-08-29,1369,1511,1469,116
Tamil Nadu,Villupuram,Villupuram,Thinai (Italian Millet),Other,FAQ,2016-09-01,1069,1510,1329,116
Tamil Nadu,Villupuram,Villupuram,Thinai (Italian Millet),Other,FAQ,2016-10-05,1706,1800,1759,116
Tamil Nadu,Villupuram,Villupuram,Thinai (Italian Millet),Other,FAQ,2016-10-06,1318,1738,1710,116
Tamil Nadu,Villupuram,Villupuram,Thinai (Italian Millet),Other,FAQ,2016-10-14,1361,1595,1569,116
Tamil Nadu,Villupuram,Villupuram,Thinai (Italian Millet),Other,FAQ,2016-10-17,1289,1575,1553,116
Tamil Nadu,Villupuram,Villupuram,Thinai (Italian Millet),Other,FAQ,2016-11-07,1470,1600,1589,116
Tamil Nadu,Villupuram,Villupuram,Thinai (Italian Millet),Other,FAQ,2016-11-08,1452,1619,1529,116
Tamil Nadu,Villupuram,Villupuram,Thinai (Italian Millet),Other,FAQ,2016-11-09,1489,1639,1569,116
Tamil Nadu,Villupuram,Villupuram,Thinai (Italian Millet),Other,FAQ,2016-11-14,1501,1632,1566,116
Tamil Nadu,Villupuram,Villupuram,Thinai (Italian Millet),Other,FAQ,2016-11-16,1400,1693,1690,116
Tamil Nadu,Villupuram,Villupuram,Thinai (Italian Millet),Other,FAQ,2016-12-30,1548,1827,1783,116
